hindi_terms,english_translations
अजीवात् जनन,abiogenesis
असामान्य,abnormal
चतुर्थ आमाशय,abomasum
ऐबोमेसम,abomasum
रुद्ध-वृद्धि अंग,aborted organ
रुद्ध वृद्धि बीज,aborted seed
गर्भपात,abortion
गर्भस्राव,abortion
वृद्धि विरोध,abortion
अनावांछित अपवण,absolute weed
पूर्ण खरपतवार,absolute weed
अवशोषित धनायन,absorbed cation
अवशोषण,absorption
ऐबिसिनि सरसों,abyssinian mustard
ऐकेरसनाशी,acaricide
विच्छीटनाशी,acaricide
अकेन्द्रीय,accentric
प्रवर्धन (कोशिका),accentuate (cell)
स्वीकृत सहन्यता,accepted tolerance
अतिरिक्त,accessory
सहायक,accessory
गौण,accessory
पर्युकूलन,acclimatization
संचय,accumulation
यथार्थता,accuracy
परिशुद्धता,accuracy
एसर्वुलस,acervulus
बीजाणुपात्र,acervulus
ऐसीटीकरण,acetification
सिरका बनाना,acetification
ऐसीटीलन,acetification
अम्लीकरण,acidification
अम्लन,acidification
अन्तातामापी,acidimeter
ऐसिडीमीटर,acidimeter
अम्लता,acidity
अम्लरागी,acidophilic
अम्लीकृत रॉक फॉस्फेट,acidulated rock phosphate
अम्लसह,aciduric
जलभृत,acquifer
अधिग्रहण,acquisition
एकड़,acre
क्षेत्रफल,area
रकबा,acreage
उपांत बिंदु क्रोमोसोम,acrocentric chromosome
अग्रगामीसारी,acropetal
ऐक्रोसोम,acrosome
ऐक्टिनोमाइसिटीज,actinomycetes
सक्रिय मूलक्षेत्र,active root zone
उग्र,acute
तीव्र,acute
अनुकूलनशीलता,adaptability
अनुकूलन,adaptation
आसंजन,adhesion
अभिलाग,adhesion
वसामय,adipose
समायोजन समीकरण,adjustment equation
एडोब मृदा,adobe soil
अपमिश्रक,adulterant
अपस्थानीय,adventitious
इसीडियोस्पोर,aecidiospore
इसीडियम बीजाणु,aecidiospore
वातोढ़ प्रक्रिया,aeolian process
वातोढ़,aeolian
वातन करना,aerate
वायव,aerial
आकाशी,aerial
ऐरोमीटर,aerometer
वायुमापी,aerometer
वायुगतत्वमाप,aerometer
ऐरोसोल,aerosol
पुष्पदलविन्यास,aestivation
श्रीभिनिक्षिप्तता,aestivation
रोग हेतु विज्ञान,aetiology (etiology)
वनरोपण,forestation
विलोडन,agitation
प्रक्षोभन,agitation
ऐगमार्क,agmark
भूमि संबंधी,agrarian
कृषि संबंधी,agrarian
कृषि निदानालय,agricultural clinic
कृषि श्रम,agricultural labour
खेतिहर मजदूर,agricultural labour
कृषि विपणन,agricultural marketing
कृषि प्रौद्योगिकी,agricultural technology
कृषि,farming
खेतीबारी,agriculture
कृषि विज्ञान,agriculture
कृषि वनवर्धन,agrisilviculture
कृषि जैविक विविधता,agrobiodiversity
कृषि जैविक दोष,agrobiological defects
कृषि जैविकी,agrobiology
कृषि जलवायुवीय विविधता,agroclimatic diversity
कृषिजलवायुवीय जोन निर्माण,agroclimatic zoning
कृषिवानिकी,agroforestry
मृदा विज्ञान,soil science
सस्य विज्ञान,agronomy
कृषि पशुचारणिक,agropastoral
फसल प्रसंस्करण,agroprocessing
घास विज्ञान,agrostology
सस्य प्रकार,agrotype
अधिपादप,air plant
ऐकिओची मृदा,akiochi soil
वर्णकहीनता,albinism
एल्फिसॉल,alfisols
शैवाल,algae
शैवाल रोग,algal disease
क्षार जल,alkali water
क्षारीय,alkaline
विकल्पी,facultative
एलली रसायन,allelochemicals
युग्मविकल्पी,allelomorph
एलिलोपैथी,allelopathy
वीथी सरसयन,alley cropping
परनिषेक-फलता,allocarpy
परनिषेचन,allogamy
"सापेक्षमिति, ऐलोमेट्री",allometry
परबहुगुणित,allopolyploid
"परयुग्मन, अपयुगलन",allosynapsis (allosyndesis)
"एकांतर वर्ष फलन, एकांतरित फलन",alternate bearing
वैकल्पिक भूमि उपयोग,alternate land use
परिवेश,ambient
सुधारक,ameliorant
असूत्रीविभाजन,amitosis
ऐमिनन,amminization
अमोनिययन,ammonification
अमोनिकारक,ammonifier
"1.अप्रभावी रूप, 2.अरूपी",amorph
उभय मिश्रण,amphimixis
उभयधर्मी,amphoteric
उपचय,anabolism
"अवायुवीय, अनाक्सी जीव",anaerobe
असुगुणित,aneuploid
कोणीय रोपण,angle planting
पशुपालन,animal husbandry
पशु उच्छिष्ट,animal refuse
सजीव ऊर्जा,animate energy
असममुगित,anisoploid
एकवर्षीय पादप,annual plant
वार्षिक,annual
परागोद्भव,anthesis
प्रफुल्लन,anthesis
ऐन्थ्रैक्स,anthrax
मानवजनिक कारक,anthropogenic factor
प्रतिजैविता,antibiosis
प्रतिजैविक,antibiotic
ऐन्टीबायोटिक,antibiotic
प्रतिकारक,antidote
प्रतिऑक्सीकाकरक,antioxidants
प्रतिआविष,antitoxin
वलयिका,anulus
ऐफिड,aphid
माहू,aphids
चेपा,aphid
शीर्ष कलिका,apical bud
शिखाय प्रभाविता,apical dominance
मधुमक्खी पालन,apiculture (bee keeping)
असंगजनन,apomixis
एपोटोसिस,apoptosis
उपांग,appendage
क्षुधावर्धक,appetizer
अनुपयुक्त,applied
जलीय खरपतवार,aquatic weed
वृक्षीय,arboreal
वृक्षवासी,arboreal
शाखायन,arborization
आद्य वानस्पतिक अभिलेख,archaeo-botanical records
क्षेत्रांक,area statistics
क्षेत्र,field
शुष्क पारितंत्र,arid ecosystem
बीजचोल,aril
सौरभ,aroma
सुगंधी पादप,aromatic plant
सुगंधित चावल,aromatic rice
इध्रु पुंजम,arrowing
अपूति,asepsis
अपूतित,aseptic
अजर्म,aseptic
अलैंगिक प्रवर्धन,asexual propagation
आमाप,assay
परिसंपत्ति,assets
स्वांगीकरण,assimilation
आत्मसात्करण,assimilation
साहचर्य,association
संघ,association
स्तंभक,astringent
कषाय,astringent
असंपृयुमन,asynapsis
पूर्वजता,atavism
ऐटाविज्म,atavism
कणित्र,atomizer
अपक्षय,weathering
क्षीणता,atrophy
स्वयुग्मन,autogamy
स्वलयन,autolysis
स्वत: उपचयन,autooxidation
स्वत: ऑक्सीभवन,autooxidation
स्वबहुगुणित,autopolyploid
ऑक्सिन,auxins
शूक,awn (bristle)
तृण,awn (bristle)
दंड विषाणु,baccilovirus
दंडाणु,bacillus
बैसिलस,bacillus
जीवाणु,bacteria
बैक्टीरिया,bacteria
जीवाणु आविष,bacteriotoxin
खई,bagasse
तुलन-पत्र,balance sheet
संतुलित उर्वरक उपयोग,balanced fertilization
दंड आलेख,bar diagram
छाल,bark
वायुदाबमापी,barometer
बैरोमीटर,barometer
बंजर,barren
अकृष,barren
बांझ,barren
आधार,base
बेस,base
कंपांग,base
थाला,basin
ढ्रौणी,basin
तलामिसारी,basipetal
बेसिस्टर्नम,basisternum
मूलाधारक,basisternum
खाड़ी मानसून,bay monsoon
फलदायी पौधा,bearing plant
क्यारी,bed
क्यारी - पौधा,bedder
क्यारी बनाना,bedding
चुकंदर शीरा,beet molasses
धौंकनी,bellows
पट्टी,belt
इलाका,belt
लाभ-लागत विश्लेषण,benefit-cost analysis
अभिनत (प्रति चयन),biased (sampling)
द्विवर्षीय पादप,biennial
द्विपद,binomial
जैवकारक,bioagent
जीव जलवायु,bioclimate
जैव ऊर्जा,bioenergy
जीव पारिस्थितिकी,bionomics
जैव-प्रक्रियापात्र,bio-reactor
बायो रिएक्टर,bio-reactor
जीव-मंडल,biosphere
जीवीय,biotic
जीव प्रकार,biotype
द्विलिंगी,bisexual
धवलन,blanching
प्रभंस (रोग),blast
झोंका रोग,blast
संमिश्रण,blend
अंगमारी (रोग),blight
ब्लाइट (रोग),blight
छाला,blister
फफोला,blister
उद्वर्त,blister
ब्लिस्टर,blister
नीली क्रांति,blue revolution
तलीय ताप चैंबर,bottom heat chamber
तलीय ताप तकनीक,bottom heat technique
चोकर,bran
शाखन,branching
टहनी,branchlet
उपशाखा,branchlet
नस्ल,breed
प्रजनन,breeding
शीघ्र अंकुरण उपचार,brimming
शाव,brood
अंड,brood
भ्रूण,embryo
कलिकायन,budding
बजट,budget
उभयप्रतिरोधी,buffer
बफर,buffer
शल्ककंद,bulb
बंट (रोग),bunt
उपजात,by-product
उत्पाद,by-product
नमी विशेषता वक्र,moisture characteristic curve
खली,oil cake
चूनेदार,calcarious
कैल्सियममी,calcarious
कैल्सीयन,calcification
फॉस्फेट का निस्तापन,calcination of phosphate
किपनता,callosity
कैलसता,callosity
कैलस,callus
किण,callus
बाह्यदल पुंज,calyx
कैलिक्स,calyx
बाह्यदल अंत,calyx-end
एधा,cambium
कैंकर (जीवाणु रोग),canker
डिब्बाबंदी,canning
वितान,canopy
पूंजी,capital
परागण (अंजीर का),caprification
संयुट,capsule
संयुटिका,capsule
कैप्सूल,capsule
कार्बनीकृत,carbonated
कार्बनन,carbonization
अंडप,carpel
मणिबंध,carpus
ढलाई (लोहे की),casting
क्षिति (कीट),casting
अपचय,catabolism
उद्रेरण,catalysis
इल्ली,caterpillar
सुंडी,caterpillar
सी. डी. एन. ए. संग्रह,C-DNA Library
सीमा,limitation
कोशिका,cell
कोषिका,cell
केंद्रीय अग्रण प्रणाली,central leader system
संबिंदु,centric
सर्केंद्र,centric
अपकेंद्रण,centrifugation
अपकेंद्रक,centrifuge
तारकेंद्र,centriole
केंद्रजनिक,centrogenic
केंद्रज,centrogenous
लूम,cercus
धान्य,cereal
सीरियल,cereal
प्रमाणीकरण,certification
प्रमाणन,certification
प्रमाणित बीज,certified seed
भूसा,straw
कुट्टी,chaff
शल्क सहपत्र,chaff
निभाग,chalaza
केलाजा,chalaza
रसायुवर्तन,chemotropism
"किआज्मा, व्यस्तर",chiasma
अतिशीतन घंटे,chilling hours
शीतज क्षति,chilling injury
"विचित्रोतकी, काइमेरा",chimera
हरित दली,chloranthy
"पर्णहरित, हरितक",chlorophyll
हरिमाहीनता,chlorosis
जीव वितरण विज्ञान,chorology
"क्रोमैटिड, अर्धगुणसूत्र",chromatid
क्रोमेटिन,chromatin
वर्णलेखन,chromatography
क्रोमोटिनलयन,chromatolysis
परिसूत्र बिंदु,chromocentre
वर्णजनन,chromogenesis
"क्रोमोप्रोटीन, वर्णकप्रोटीन",chromoprotein
"गुणसूत्र, क्रोमोसौम",chromosome
"विकराली, दीर्घकाली, जीर्ण, पुराना",chronic
सिंट्रेंज,citrange
पर्णमर्भव,cladode
वर्गीकरण,grading
"मृत्तिका, चिकनी मिट्टी",clay
"निर्मलन, माजन, सफाई, शोधन",cleaning
अनुनिलय परागण,cleistogamy
क्रांतिक स्वसनी फल,climacteric fruit
जलवायु,climate
जलवायु विज्ञान,climatology
कतरनी,clipper
ढेला (मिटटी का),clod
क्लोन,clone
मेघ,cloud
बादल,cloud
पुंज,clump
कलंप,clump
संयुजन,clump
गुच्छ,cluster
स्थूल,coarse
मोटा,coarse
कच्चा,coarse
अपरिष्कृत,coarse
आवरण,coat (seed)
चर्मावरण,coat (seed)
कोया,cocoon
कोएन्जाइम,coenzyme
सह-एन्जाइम,coenzyme
संयोजन,cohesion
रेशा (जूट पटसन),coir
नारियल जटा,coir
मूलांकुर चोल,coleorrhiza
स्तंभमूलसंथि,collar
कॉलर,collar
ग्रीवा,collar
कोलॉइड (मृदा),colloid (soil)
स्तंभिका,columella
कॉलुमेला,columella
दंड,mast
स्तंभ,column
कॉलम,column
सहभोजिता,commensalism
वाणिज्यिक बैंक,commercial bank
जिंस,commodity
पण्य वस्तु,commodity
समुदाय,community
"संहनन, (मृदा का)",compaction (of soil)
"सुसंगति, संगतता",compatibility
सुसंगतता,compatibility
"क्षतिपूर्ति, मुआवजा",compensation
स्पर्धा अन्योन्यक्रिया,competitive interaction
पूरक फसल,complementary crop
"समिश्र, जटिल",complex
घटक,factor
संघटन,fasciation
कंपोस्ट,compost
चक्रवृद्धि ब्याज,compound interest
अभिकलन,computation
"अभिकलित्र,कंप्यूटर",computer
"सांद्रण, संकेन्द्रण",concentration
"अनुकूलक, पुनरुद्धारक",conditioner
चालकता,conductance
"विन्यास, संरूपण",configuration
"अनुरूपता,समन्व्यास,संरूपता",conformity
"समागुलन, संकरण",confounding
संयुगमन,conjugation
योज़ी,connective
संयोज़ी,connective
संरक्षण,conservation
चक्रबंदी,consolidation
संघटक,constituents
अवयव,constituents
उपभोक्ता,consumer
उपभोग,consumption
संदूषण,contamination
समोच्च रोपण,contour planting
समोच्च रेखा,contour
संविदा कृषि,contract farming
ठेका कृषि,contract farming
अनुबंधित खेती,contract farming
नियंत्रित वातावरणीय भंडारण,controlled storage
सहकारी बैंक,co-operative bank
सहकारी संस्था सदस्य,cooperator
गुल्मवन,coppice
घनकंद,corm
दलपुंज,corolla
कोरोला,corolla
वल्कुट,cortex
कोर्टेक्स,cortex
लागत,cost
बीजपत्र,cotyledon (seed)
ऋण समिति,credit society
उधार,credit
साख,credit
ऋणदाता,creditor
लेनदार,creditor
शिखा,crest
शिख,crest
शिखर,crest
व्याकुंचन,crinkle
संकट,crisis
कसौटी,criterion
क्रांतिक,critical
फसल बीमा,crop insurance
फसल ऋण,crop loan
सरस,crop
फसल,crop
सरयन क्षेत्र,cropping area
पार-असंगत,cross-incompatible
मुकुट,crown (plant)
शिखर (पादप),crown (plant)
मृदुकण,crumb
पपड़ी,crust
क्रिप्टोगेम,cryptogam
अपुष्पीयपदप,cryptogam
छांटन (फल),cull (fruits)
कल्म,culm
कृषि किस्म,cultivar
कर्षण,draw
खेती,farming
किसान,farmer
कल्टीवेटर (यंत्र),cultivator
संवर्ध,culture
संवर्धन,culture
पालन,culture
संसाधन,curing
तैयार करना,curing
कुंतलन,curling
कुंचन,curling
मुद्रा,currency
उपत्वचा,cuticle
क्यूटिकल,cuticle
कलम,cutting
कटाई,harvest
काटना,cutting
कटाव,cutting
कटााव,cutting
कृषि कोष,cyst
सिस्ट,cyst
पुटी,cyst
विकृत गुल्म,cyst
रसोली,cyst
साइटोक्रोम,cytochrome
कोशिका युग्मन,cytogamy
कोशिका जनन,cytogenesis
कोशिका आनुवंशिकी,cytogenetics
कोशिका द्रव्य विभाजन,cytokinesis
कोशिका विज्ञान,cytology
कोशिका लयन,cytolysis
साइटोमियर,cytomere
कोशिका खंड,cytomere
कोशिका द्रव्य,cytoplasm
डेरी,dairy
दुग्धशाला,dairy
डेरी उद्योग,dairying
बांध,dam
प्रजननी,dam
दिवस निरपेक्ष पादप,day-neutral
पुष्पन के बाद दिन,days after flowering
पूर्ण पुष्पन के बाद दिन,days after full bloom
निष्पुषण,deblossoming
विकल्पीकरण,decalcification
निथारना,decant
निस्तारना,decant
क्षय,decay
पर्णपाती,deciduous
दशमलव,decimal
दशांशिक,decimal
न्यूनता,deficiency
अनुपूर्णन (मृदा),deflocculation (soil)
विपुष्पन,defloration
विपर्णण,defoliation
वनोन्मूलन,deforestation
अपक्षयस्त,degeneration
निम्नीकरण,degradation
अंश दिवस,degree days
मात्रा,dose
अंश,degree
स्फुटन,dehiscence
भूसी हटाना,dehusking
निर्जलीकरण,desiccation
निर्जलकारित्र,dehydrator
मांग,demand
विकृतिकरण,denaturation
गुणनाशन,denaturation
अनाच्छादन,denudation
निक्षेप (मृदा),deposit
जमा (अर्थशास्त्र),deposit
निक्षेपण,deposition
मूल्यह्रास,depreciation
अमूल्यन,devaluation
विलवणीकरण,desalinization
जल शुष्कन,desiccation
अभिकल्पना,design
डिजाइन,design
शुष्कित्र,dessicator
गुठली निकालना,destoning
वि-अंकुर भूस्स्तरीकरण,desuckering
वियुग्मन,desynapsis
नर मंजरी निकालना (मक्का),detassel
बल्लर,detassel
निकालना,detassel
बल्लर या फुंदन को काटना,detasseling
निर्धारक,determinant
वनस्पतिरहित करना,devegetation
विचलन,deviation
द्विक,diad
निदान,diagnosis
भिन्नकाल पक्वता,dichogamy
द्विभाजन,dichotomy
"द्विबीजपत्री, डाइकोटिलेडन (बीज)",dicotyledon (seed)
परखमारी (रोग),die back (disease)
"विसरण, विस्तार",diffusion
पाचनीयता,digestibility
द्विसंकर,dihybrid
"बांध, नाली, परिवाह",dike (dyke)
तनु,dilute
"एकलिंगाश्रयी, पृथक् लिंगी",dioecious
द्विगुणित,diploid
"द्विगुणित, डिप्लॉइड",diploid
द्विसूत्र,diplonema
"निकलिकायन, कलिका निकालना",disbudding
"तवेदार हल चलाना, चकाकरण",discing
छूट,discount
रोगाणुनाशन,disinfection
"परिक्षेपण, प्रकीर्णन",dispersion
"1. प्रकीर्णन, 2. प्रसरण",dissemination
विविधीकरण,diversification
विविधीकृत कृषि,diversified farming
डी एन ए सोपान,DNA Ladder
डी.एन.ए. ग्राही,DNA receptor
गोदी-भाड़ा,dockage
प्रभावी,dominant
प्रसुप्ति,dormancy
खुराक,dose
डोज,dose
दोहरा सिगमाय वक्र,double sigmoid curve
झोंका,draft (draught)
खिंचाव,draft (draught)
निकास नाली,drain
अपवाहिका,drain
जलनिकास,drainage
दवा पिलाना,drenching
दवाई से तर करना,drenching
प्रसाधन (बीज),dressing (seed)
बरसा,drill (n.)
उथली भूल,drill (n.)
ड्रिल,drill (n.)
वफित्र,drill (n.)
सुराख करना,drilling (ag. engg)
बेधन,drilling (ag. engg)
बरमाना,drilling (ag. engg)
वेधन,drilling (agronomy)
ड्रिल से बोना,drilling (agronomy)
ड्रिल से डालना,drilling (agronomy)
बूंद-बूंद सिंचाई,drip irrigation
शुष्क खेती,dryland farming
धूल,dust
बुकी,dust
धूलिन,duster
प्रकीर्णक,duster
बुरकना,dusting
बौना,dwarf
वामन,dwarf
वामन पिरामिड,dwarf pyramid
वामनिमापन,dwarfing
पारिस्थितिकी,ecology
अर्थमिति,econometrics
आर्थिक दक्षता,economic efficiency
पारिस्थितिक प्रकार,ecotype
बाहि:स्तरपोषित,ectotrophic
मृदीय,edaphic
मेड़बंदी,edging
किनारा बनाना,edging
किनारा बंदी,edging
खाद्य अंश,edible part
मांग की लोच,elasticity of demand
उत्पादन लोच,elasticity of production
विद्युत्-अपघटन,electrolysis
वैद्युतकण-संचलन,electrophoresis
अवक्षालन,eluviation
विपुंसिकारित,emasculator
बधंकारित्र,emasculator
विपुंसिकार,emasculator
बधंकार,emasculator
मेड़ बंदी,embanking
डोलंबदी,embanking
भ्रूणविज्ञान,embryology
भ्रूणिकी,embryology
"निकलना, निर्माण",emergence
पायसीकारक,emulsifier
अंतर्जात,endogenous
अंतः सूत्री विभाजन,endomitosis
अंतः परजीवी,endoparasite
भ्रूणपोष,endosperm
उद्यम,enterprise
कीटविज्ञान,entomology
पर्यावरण,environment
"प्रकिण्व, एन्जाइम",enzyme
दलपुंज कलमबंदी,epicotyl grafting
"अधिपादप, एपिफाइट",epiphyte
समानधिकारिता,equity
उन्मूलन,eradication
आवश्यक पोषक तत्व,essential nutrients
"परिसमन, कृतन, आकलन",estimation
पांडुरता,etiolation
सृजननिक,eugenic
मूल्यांकन,evaluation
वाष्पमापी,evaporimeter
वाष्प-वाष्पोत्सर्जन,evapo-transpiration
सदाबहारित क्रांति,evergreen revolution
सदाहरित,evergreen
सदापर्णी,evergreen
विकास,evolution
उच्छेद करना,excise
परिश्रम (उर्वरता),exhaustion (fertility)
शोषण,exploitation
खोज,exploration
अन्वेषण,exploration
बहिर्वेशन,extrusion
उत्सारण,extrusion
आंख,eye (sugarcane/potato)
कारक,factor
उपादान,factor
साधन,factor
कारक उत्पादकता,factor productivity
आदित्ये का बट्टा,factorage
क्रमगुणित ब्लॉक डिजाइन,factorial block design
पड़ती,fallow
पलिहर,fallow
कुल,family
प्रक्षेत्र मूल्यांकन,farm appraisal
प्रक्षेत्र का बजट बनाना,farm budgeting
कृषि व्यवसाय,farm business
प्रक्षेत्र नियोजन,farm planning
कृषक,farmer
बहुप्रजनन,fecundation
किण्वन,fermentation
उर्वरता,fertility
उर्वरक,fertilizer
उर्वरक उपयोग दक्षता,fertilizer use efficiency
रेशेदार,fibrous
खेत,field
स्थान,field
मृदा जलधारणता,field capacity
प्रक्षेत्र प्रदर्शन,field demonstration
स्थिरीकरण,fixation
योगिकीकरण,fixation
निधारण,fixation
आत्लावन,submergence
अधिसिंचन,flooding
प्रवाह आलेख,flow diagram
खाद्य मान,food value
चारा,forage (fodder)
पूर्वानुमान,forecasting
वन,forest
ताडपर्ण,frond
प्रपर्ण,frond
तुषार रोधी,frost resistant
पाला,frost
तुषार,frost
हिमशीतित,frozen (fruit & vegetable)
हिमीकृत,frozen (fruit & vegetable)
फलन,fructification
फल पातन,fruit drop
फल का झड़ना,fruit drop
फल बनना,fruit -set (fruit setting)
धूमन,fumigation
धूम देना,fumigation
कवकनाशी,fungicide
कवकरोधी,fungistatic
कवक,fungus
खुर,furow
सीता,furow
संलयन,fusion
संगलन,fusion
रूआं,fuzz
रोएंदार,fuzzy
वृक्ष ब्रण,gall (Hort)
पिटिका,gall (Hort)
युग्मक,gamete
गैमेट,gamete
उद्यान,garden
बाग,garden
पनसाल,gauge (water)
जलमापी,gauge (water)
जीन संग्रह,gene bank
जीन टैगन,gene tagging
वंशावली विज्ञान,geneology
जीन मानचित्र,genetic map
आनुवंशिकी,genetics
जीनोम,genome
संजीन,genome
संजीनि संग्रह,genomic library
जीनोमिक्स,genomics
जीनप्ररूपी,genotype
जिनी संरचना,genotype
जीन प्रकार,genotype
वंश,genus
जीनस,genus
रोगाणु,germ
जर्म,germ
रोगाणुनाशी,germicide
अंकुरण,germination
जननद्रव्य,germplasm
जर्मप्लाज्म,germplasm
जिबरेलिक अम्ल,gibberellic acid
ओटना,ginning
तुष,glume
लसदार,glutinous
ग्लूटिनी,glutinous
ग्लाइकोलिसिस,glycolysis
नाइस,gneiss
स्वर्णिम क्रांति,golden revolution
श्रेणीकरण,grading
स्तरीकरण,grading
कलमबंद पादप,grafted plant
कलमी पौधा,grafted plant
कलम असंगत,graft-incompatible
ग्रैना,granna
कणिकायन,granulation
हरी खाद,green manure
हरित क्रांति,green revolution
वृद्धि और परिवर्तन,growth and development
गोंद रोग,gummosis
गोंदाल्ति,gummosis
भिन्नस्थ - उपयस्त्रीलिंगी,gynodioecious
प्रकृति,habit
स्वभाव,habit
रूपगुण,habit
स्वरूप,habit
ओला,hail
करकापात,hail
करका,hail
रोमिलवेच,hairyvetch
लवणम्यूदतभिद,halophyte
हेरो,harrow
तुलाई सूचकांक,harvest index
कटाई सूचकांक,harvest index
कटी फसल,harvest
तैयार फसल,harvest
उपज,harvest
तोड़ना,harvesting
तुलाई,harvesting
अंडे से निकलना,hatch
अंडा सेना,hatch
सूखी घास,hay
सूखा चारा,haylage
गंजी,haystock
धुंध,haze
धुंधता,hazy
बालि,head (Agro)
सिट्टा,head (Agro)
मुंडक,head (Agro)
शीर्ष,head (Agro)
सिर,head (Agro)
सिरा,head (Agro)
सिरा (नाली का),head (of channel)
शीर्ष छंटाई,heading back
बाड़,hedge
अधिक्षण,hedging
कुंडलिनी,helix
हेमटाइट,hematite
शाक,herb
बूटी,herb
वनस्पति संग्रह,herbarium
वनस्पति संग्रहालय,herbarium
शाकनाशी,herbicide
आनुवंशिकता,heredity
वंशागति,heretability
उभयलिंगी,hermaphrodite
विषमवर्णी,heterochromatic
विषम-निषेचन,heterofertilization
संकरउत्प,heterosis
हेटेरोसिस,heterosis
लिंगक्रोमोसाम,heterosome
परपोषित,heterotroph
षड्गुणित,hexaploid
शीत निष्क्रियता,hibernate
उच्च सघनता रोपण,high density planting
पिंडलक,hill (rice)
हिल (धान),hill (rice)
आयतचित्र,histogram
उच्च तकनीकी औद्यानिकी,hitech horticulture
करंड,hive
छत्ता,hive
गुड़ाई,intercultivation (interculture)
गोड़ना,hoeing
जोत,holding
निजी फार्म,home farm
समस्थिति,homeostasis
वासभूमि,homestead
समांगता,homogeneity
सजातीय,homogenous
समानगी,homogenous
समधर्मी,homologus
समगुणज,homozygote
खुरलिका,hopper
खाद्ययानी,hopper
हापर,hopper
संसरण,horizon
क्षितिज,horizon
औद्यानिक फसलें,horticultural crops
उद्यान विज्ञान,horticulture
बागवानी,horticulture
उद्यान कृषि,horticulture
औद्यानिकी,horticulture
उद्यान वानिक पशुपाल्य खेती,horti-silvi pastoral farming
परपोषी,host
तप्त जलोपचार,hot water treatment
हल,hull
आर्द्रता,humidity
ह्यूमस,humus
भूसी,husk
छिलका मशीन,husker
छिलका उतारना,peel
संकर,hybrid
संकरण,hybridization
जलयोजन,hydration
जलीयन,hydration
जल विज्ञान,hydrology
जल अपघटन,hydrolysis
द्रवघनत्व मापी,hydrometer
हाइड्रोमीटर,hydrometer
जल परागित,hydrophilous
जल संबंधन,hydroponics
जल मंडल,hydrosphere
आर्द्रता-ग्राहकता,hygroscopicity
परपरजीवी,hyperparasite
अतिवृद्धि,hyperplasia
ककक तंतु,hypha
हाइफा,hypha
बीजपत्राधार,hypocotyl
परिकल्पना,hypothesis
शैथिल्य (जल),hysteresis (water)
स्व स्थान में कलम-बंधन,in situ grafting
पात्रे,in vitro
जीवे,in vivo
अविवेकपूर्ण,indiscriminate
कीट,insect
कीट पीड़क,insect pest
कीटालय,insectary
कीटनाशी,insecticide
कीटाहारी,insectivorous
"सूर्यातपन, आतपन",insolation
अविलेय,insoluble
"इन्स्टार (कीट), अंतरनिर्माणीय अवस्था",instar (insect)
रोधी,insulator
समेकित रोग प्रबंधन,integrated disease management
समेकित पोषक तत्व प्रबंधन,integrated nutrient management
समेकित पीड़क प्रबंधन,integrated pest management
सघनता,intensification
गहनता,intensification
गहन,intensive
सघन,intensive
बीच की फसल,intercrop
अंतराफसल,intercrop
अंत: सरस कर्षण,intercultivation (interculture)
निराई,weeding
ब्याज,interest
पर्व,internode
पोरी,internode
अंतरावस्था (कोशिका विभाजन),interphase (cell division)
अंतर्वेशन,interpolation
अंतर्बंध्य,inter-sterile
विवरण,inventory
सूची,inventory
प्रतिलोमिकीकरण,inversion
चक्र,involucre
सहपत्र,involucre
आयन,ion
किरणन,irradiation
सिंचाई,irrigation
समविकली,iso alleles
समोत्पाद वक्र,iso product curve
समदाब रेखा,isobar
समयुग्मन,isogamy
पृथक्करण दूरी,isolation distance
समगुणित,isoploid
समोत्पाद,isoquant
आइसोटोप,isotope
समस्थानिक,isotope
गुड़,jaggery
खांडसारी,jaggery
जपोनिका धान,japonica rice
जेसिड,jassid
जावाई धान (चावल),javanica rice
जेली बनाना,jelling
झूम कृषि,jhum cultivation
झंपक जीन,jumping gene
अनुपयोगी डी.एन.ए,junk DNA
वयस्कपूर्व अवस्था,juvenile phase
कैओलिन,kaolin
कैओलिन मिट्टी,kaolinite
खड़िया मिट्टी,kaolinite
कैओलिनाइट,kaolinite
केंद्रककायमा,karyenchyma
केंद्रकबंध,karyodesma
केंद्रक संलयन,karyogamy
गुणसूत्र आलेख,karyogram (idiogram)
सूत्री विभाजन,karyokinesis
केन्द्रक विज्ञान,karyology
केन्द्रक विघटन,karyolysis
केन्द्रक,nucleus
"केन्द्रक प्रकार, गुणसूत्र प्रकार",karyotype
केल्प,kelp (algae)
केल्विन चक्र,kelvin cycle
किरैटिन,keratin
गिरी,kernel
दाना,kernel
खैरा रोग,khaira disease
खरीफ,kharif
बकरी का व्यान,kidding
काइनेटोकोर,kinetochore
शाक- वाटिका,kitchen garden
गृह वाटिका,kitchen garden
क्लाइनफिल्टर संलक्षण,Kleinfelter syndrome
क्लेनो खंड,Klenow fragment
खांच लगाना,knotching
कोच का अभिगुहीत,Koch's postulate
कोपन का वर्गीकरण (जलवायु),Koppen's classification (Climate)
क्रेब का चक्र,krebs cycle
कर्टोसिस,kurtosis
ककुदता,kurtosis
घातक मात्रा 50,L.D.50 (lethal dose 50)
प्रयोगशाला से खेत तक,lab to land
अस्थिर,labile
श्रम,labour
मजदूर,labour
श्रमिक,labour
लैक प्रचालक प्रतिदर्श,lac operon model
दुग्ध स्रवण,lactation
दुग्धजनक हार्मोन (प्रोलैक्टिन),lactogenic hormone (prolactin)
लैक्टोस,lactose
पृष्ठ रज्जुक,lagging strand
लैम्ब्डा क्लोनन संवाहक,lambda cloning vector
पटलीय वायु प्रवाह,laminar air flow
लैम्पब्रश गुणसूत्र,lamp brush chromosome
भूमि,land
जमीन,land
स्थल,land
प्रदेश,land
भूमि समर्थता वर्गीकरण,land capability classification
भूमि समर्थता मानचित्र,land capability map
भूमि निम्नीकरण,land degradation
भूमि तुल्यांक अनुपात,land equivalent ratio
भूमि समतलीकरण,land levelling
भूमि सुधार,soil amendment
भूदृश्य कला,landscaping
भूमि उपयुक्तता,land suitability
भूमि उपयोग पद्धति,land use pattern
लैंगरहेंस कोशिकाएं,Langerhans cells
हास दर,lapse rate
लार्वा,larva
डिंभक,larva
प्रसुप्तता,latency
गुप्त,latent
प्रसुप्त संक्रमण,latent infection
पार्श्व,lateral
पार्श्विक,lateral
पार्श्वीय,lateral
लेटराइट मृदा,laterite soils
लेटेक्स,latex
असंस्‍कृत रबड़,latex
लैथिरस रोग,lathyrism
लैथिरसता,lathyrism
लातीनी वर्ग अभिकल्पना,latin square design (LSD)
जालक,lattice
तुलनात्मक लाभ नियम,law of comprative advantage
स्थिर प्रतिफल का नियम,law of constant returns
हासमान प्रतिफल का नियम,law of diminishing returns
वर्धमान प्रतिफल का नियम,law of increasing returns
सीमित कारकों का नियम,law of limiting factors
न्यूनतम का नियम,law of minimum
प्रतिस्थापन का नियम,law of substitution
परिवर्ती अनुपात नियम,law of variable proportions
"दाब, परत, अंडे देने वाली मुर्गी",layer
अभिन्यास,layout
निस्सारित तत्व,leachate
निस्सारण क्षमता,leaching efficiency
निस्सारण मांग,leaching requirement
अग्रग रज्जुक,leading strand
पर्ण क्षेत्र अवधि,leaf area duration
पर्णक्षेत्र सूचकांक,leaf area index
पर्ण क्षेत्र अनुपात,leaf area ratio
पर्ण सुरंगक,leaf miner
पर्ण परीक्षण,leaf testing
"पर्ण, पत्ती, पत्र, पत्ता",leaf
समाचारपत्रक,leaflet
पट्टा,lease
शिब फली,legume
निम्न ऊर्जा लागत संधारणीय कृषि,LEISA - (Low Energy Input Sustainable Agriculture)
वातरंध,lenticel
लेन्टो केशिका बिंदु,lento capillary point
तगुस्रु,leptonema
लेप्टोनिमा,leptonema
लेप्टोस्पाइरता,leptospirosis
शुक्रकोशक आकारिकी,lero-morphic
विक्षति,lesion
घातक उत्परिवर्तन,lethal mutation
अवर्णीलवक,leucoplast
समतल वेदिका,level terrace
करहा,leveler (leveller)
समतलतक,leveler (leveller)
पाटा,leveler (leveller)
समतलन (भूमि का),levelling (of land)
ले कृषि,ley farming
लीबिग का न्यूनतम नियम,Liebig's law of minimum
बंधन,ligation
प्रकाश समायोजन बिंदु,light compensation point
प्रकाश संतृप्त सघनता,light saturation intensity
प्रकाश संचारण अनुपात,light transmission ratio
प्रकाश पास,light trap
चूना मिलाना,liming
सीमा बंधन,limitation
सीमाकारी कारक,limiting factor
लाइमोनाइट,limonite
रेखा,line
वंशक्रम,line
रेखिक अनुक्रिया,linear response
सहलग्नता,linkage
सहलग्न समूह,linkage group
योजक,linker
रूई सूचकांक,lint index
रोम,linters
वसा,lipid
लिपिड,lipid
वसा-अपघटन,lipolysis
परिसमापन,liquidation
मैंडकारी,lister
लिस्टर (वक्वर),lister
मेंड़ बनाना,listing
स्थल मंडल,lithosphere
बिछाली,litter
संशाव,litter
सजीव पलवार,live mulches
लिवरवर्ट,liverwort
पशुधन,livestock
स्थानीय नियंत्रण,local control
संस्थिति,locus
निधान,locus
विशल,locus
टिड्डी,locust
अवस्थान,lodging (crop lodging)
गिरना (फसल का गिरना),lodging (crop lodging)
लॉडिक्यूल,lodicule
लोएस,loess
लघुगणकीय रूपांतरण,logarithmic transformation
दीर्घ प्रदीपकालीन पादप,long - day plant
दीर्घ तरंगीय विकिरण,long wave radiation
पाश,loop
कर्तन,lopping
कटि,lumber
लक्स,lux
विलासिता उपभोग (पोषक तत्व),luxury consumption (nutrient)
विलासी जीन,luxury genes
लाइकोपीन,lycopene
लसीका,lymph
लाइसमीटर लिसजलमापी,lysimeter
कोशिकालयन,lysis of cell
लयजनन,lysogeny
लयनकाय,lysosome
लाइसोसोम,lysosome
लाइसोजाइम,lysozyme
गुरु विकास,macro evolution
विस्तृतक्षेत्रीय जलवायु,macroclimate
वृहणु,macromolecule
गुरु उत्परिवर्तन,macromutation
प्रमुख पोषक तत्व,macronutrient
दीर्घ छिद्र,macropores
मैगट,maggot
मैग्मा,magma
मैग्नीशिया,magnesia
मैग्नीशियम,magnesium
चुंबकीय विलोड़क,magnetic stirrer
परिमाण,magnitude
महुए की खली,mahua cake
अनुरक्षक पंक्ति,maintainer line
अनुरक्षण,maintenance
संभाल,maintenance
देखभाल,maintenance
मक्का के दाने निकालने वाली मशीन,maize sheller
नरबांझ,male sterile
कुरूपता,malformation
कुरचना,malformation
दुर्दमता,malignancy
कुपोषण,malnutrition
कुरीति,malpractice
माल्टन,malting
नांद,manger
"मैंग्रोव, गरान",mangroves
"मैनोमीटर, दाबमापी",manometer
दाबमापी,piezometer
अपूर्णांक (लघुगणक का),mantissa (of logarithm)
खाद,manure
"खाद देना, खाद डालना",manuring
"सीमांत, उपांत",marginal
सीमांत लागत,marginal cost
उपांत भूमि,marginal land
सीमांत उत्पाद,marginal product
सीमांत आय,marginal return
समुद्री,marine
चिह्नक (आनुवंशिक),marker (genetic)
"बाजार, मंडी",market
"पण्य, विक्रेय, विपणन योग्य",marketable
विपणन-योग्य अधिशेष,marketable surplus
विपणित अधिशेष,marketed surplus
विपणन,marketing
कच्छ,marsh
द्रवमान बहाव,mass flow
महा चयन,mass selection
व्यापक चयन,mass selection
समूह चयन,mass selection
द्रवमान स्पेक्ट्रोमीटर,mass-spectrometer
मस्तूल,mast
मातृक वंशागति,maternal inheritance
मिलन,mating
संगम,mating
मैट्रिक विभव,matric potential
तैयार होना,maturation
परिपक्वन,maturation
परिपक्वता (फसल),maturity (crop)
अधिकतम उपलब्ध जल,maximum available water
अधिकतम सरयन,maximum cropping
अधिकतम अवशेष सीमा,maximum residue limit
अधिकतम संधारणीय उपज,maximum sustainable yield
अधिकतम तापमापी,maximum thermometer
अधिकतम जलधारण क्षमता,maximum water holding capacity
शाद्वल बागवानी,meadow orcharding
चूर्णी,mealy
माध्य विचलन,mean deviation
माध्य जीवन (नाभिकीय),mean life (nuclear)
माध्य समुद्र तल,mean sea level
माध्य वर्ग,mean square
माप,measure
माप करना,measure
मापन,measurement
यांत्रिक,mechanical
प्रमाणी विश्लेषण (मृदा),mechanical analysis (soil)
यांत्रिक प्रतिरोधा,mechanical impedence
यांत्रिक कृषि,mechanized farming
मध्य,median
मध्यस्थ,median
मध्यिका,median
औषधीय पादप,medicinal plant
भूमध्यसागरीय जलवायु,mediterranean climate
गुरुगमेटजनन,megagametogenesis
गुरु बीजाणुधानी,megasporangia
गुरु बीजाणु,megaspore (macrospore)
गुरुबीजाणुजनन,megasporogenesis
अर्धसूत्रण,meiosis
अर्धसूत्री विभाजन,meiosis
नरम मृदा,mellow soil
डी.एन.ए विरंजन,melting of DNA
झिल्ली निस्संयक,membrane filter
मेंडेलीय वंशागति,mendelian inheritance
मेंडेलवाद,mendelism
मेंडल का वंशागति नियम,Mendel's law of inheritance
पण्यामाल,merchandise
विक्रेयामाल,merchandise
पारा,mercury
पारद,mercury
विभज्योतक,meristem
मध्य जलवायु,mesoclimate
मध्यर्म,mesoderm
मध्यजनस्तर,mesoderm
पर्ण मध्योतक,mesophyll
समोद्भिद,mesophyte
मध्य छिद्र,meso-pores
मध्यमंडल,mesosphere
दूत आर.एन.ए. (एम.-आर.एन.ए),messenger RNA (m-RNA)
उपापचय,metabolism
उपापचयज,metabolites
धातु बांध,metal dam
कायांतारित शैल,metamorphic rocks
कायांतरण,metamorphosis
मध्यावस्था,metaphase
अनुमदकाल,metastrus
परागानुग्रभाव,metaxenia
मेटाजीनिया,metaxenia
मौसम विज्ञान,meteorology
मेटहीमोग्लोबिन-नीमिया,methaemoglobinaemia
विधि प्रदर्शन,method demonstration
अभ्रक,mica
लघु द्रोणी,micro basin
सूक्ष्म प्राणिजात,micro fauna
सूक्ष्मजीव,microbe
सूक्ष्मजीवी जैवभार कार्बन,microbial biomass carbon
सूक्ष्मजीवी निम्नीकरण,microbial degradation
सूक्ष्मजीवी कीटनाशी,microbial insecticide
सूक्ष्मजीव विज्ञान,microbiology
लघुजीवी,microbiotic
सूक्ष्म जलवायु,microclimate
सूक्ष्म पर्यावरण,microenvironment
सूक्ष्म वनस्पतिजात,microflora
लघुगमकजनन,microgametogenesis
लघु सिंचाई,microirrigation
सूक्ष्म मौसमविज्ञान,micrometeorology
सूक्ष्म पोषक (तत्व),micronutrient
लघु प्लाट,microplot
सूक्ष्मरंध्र,micropore
बीजांड द्वार,micropyle
सूक्ष्मदर्शिकी,microscopy
सूक्ष्म बीजाणुथानी,microsporangium
सूक्ष्मबीजाणु संवर्धन,microspore culture
सूक्ष्मबीजाणु मातृ कोशिका,microspore mother cell
लघुवीजाणु,microspore
माइक्रोस्पोर,microspore
सूक्ष्मकर्तक,microtome
माइक्रोटोम,microtome
सूक्ष्म स्थलाकृति,microtopography
मध्य-ऋतु सुधार,mid-season correction
प्रवास,migration
प्रवसन,migration
दाने की दुग्धावस्था,milk grain stage
मिल्लीपीड,millepede
"मिलेट (ज्वार, बाजरा, आदि)",millets
पेषण प्राप्ति,milling recovery
पेरना प्राप्ति,milling recovery
पेषण,pulverization
दलना,milling
कूटना,milling
पीसना,pulverization
पेरना,milling
खनिज पोषण,mineral nutrition
खनिज मृदा,mineral soil
खनिजीकरण,mineralisation
खनिजीभवन,mineralisation
खनिज,minerals
न्यूनतम तापमापी,minimum thermometer
न्यूनतम कर्षण,minimum tillage
गौण फसलें,minor crops
समसूत्रणी सूचकांक,miotic index
अपर्थक उत्परिवर्तन,missence mutation
कुहासा सिंचाई,mist irrigation
कुहासा,mist
माइटोकॉन्ड्रिया,mitochondria
सूत्रकणिका,mitochondria
समसूत्रण,mitosis
मिट्सर्लिक का नियम,Mitscherlich's law
मिश्रित सरयन,mixed cropping
मिश्रित खेती,mixed farming
मिश्रित कृषि,mixed farming
मिश्रित उर्वरक,mixed fertilizer
मिश्रित चराई,mixed grazing
मिश्रित स्वार्ड,mixed sward
प्रतिरूप,model
निदर्श,model
प्रतिरूपण,modelling
अपवर्तित वातावरणीय पैकिंग,modified atmosphere
पैकेजिंग,packaging
नमी उपलब्धता सूचकांक,moisture availability index
नमी ह्रास सूचकांक,moisture deficit index
नमी तुल्यांक,moisture equivalent
नमी प्रबृति,moisture regime
नमी मोचन वक्र,moisture release curve
जल धारण-शक्ति,moisture retention
नमी प्रबलल,moisture stress
नमी तनाव,moisture tension
नमी,moisture
मोलर विलयन,molar solution
शीरा,molasses
मोल अपवाह,mole drainage
अणु जीविकी,molecular biology
आण्विक प्रजनन,molecular breeding
आण्विक संकरण,molecular hybridization
मोलस्कनाशी,molluscicide
आर्थिक लाभ सूचकांक,monetary advantage
एकक्लोनी प्रतिरक्षी,monoclonal antibody
एकबीजपत्री,monocotyledons
एकथा सरयन,monocrop (Monoculture)
उभयलिंगाश्रयी,monoecious
अलैंगिक जनन,monogenesis
एकोद्भव वाद,monogenesis
एकसंकर जनन,monohybrid
एकयुग्मजनज,monozygotic
मानसून,monsoon
मॉन्तमोरिलोनाइट,montmorillonite
मूर,moor
मॉर,mor
मॉर्गन इकाई,Morgan unit
संरचना विकास,morphogenesis
आकृतिक अनुकूलन,morphological adaptation
आकारिकी,morphology
बंधक,mortgage
चितकबरा,mottle
बहुरंगी,mottle
कचुरित,mottle
कदुरण,mottling
फफूंदी,mould
निर्माचन,moulting
टीला खेती,mound culture
डेरी दाब,mound layering
घासकतरक,mower
घास काटना,mowing
म्यूसिलेज,mucilage
स्लेजपक,mucilage
मक,muck soil
मृदा,muck soil
पंकसम,muddy
कीचययुक्त,muddy
मफल,muffle
पलवार खेती,mulch farming
पलवार कर्षण,mulch tillage
मल्व,mulch
पलवार,mulch
पलवारना,mulching
मल्व बनाना,mulching
अंतर्रीप,mull
मल (ह्यूमस),mull
बहुस्तरीसस्यन,multi storey cropping
बहु सहसंबंध,multiple correlation
बहु सस्योत्पादन,multiple cropping
बहु सस्योत्पादन सूचकांक,multiple cropping index
बहु संकर,multiple cross
बहु प्रतिरोध,multiple resistance
बहुवर,multivariate
बहुगुणमनज,multizygotic
ममीकरण,mummification
ममीभूत फल,mummified fruit
मस्कोवाइट,muscovite
खुंबी,mushroom
छत्रक,mushroom
उत्परिवर्तजन,mutagen
उत्परिवर्ती,mutant
उत्परिवर्तन,mutation
पारस्परिक संदमन,mutual inhibition
सहोपकारिता,mutualism
कककजाल,mycelium
माइसिलियम,mycelium
ककक विज्ञान,mycology
ककक द्रव्य,mycoplasma
कककमूल,mycorrhiza
सूक्ष्मप्रौद्योगिकी,nanotechnology
कुंभीरूप,napiform
स्वापक,narcotic
अनुकुंचनीय गति,nastic movement
राष्ट्रीय प्रदर्शन,national demonstration
भूमि का राष्ट्रीयकरण,nationalization (of land)
प्राकृतिक,natural
प्राकृत,natural
प्राकृतिक अपरदन,natural erosion
प्राकृतिक खेती,natural farming
प्राकृतिक संसाधन,natural resources
प्राकृतिक चयन,natural selection
प्राकृतिक वनस्पति,natural vegetation
वृंत,neck (hort)
उत्क्षय,necrosis
मकरंद,nectar
ऋणात्मक ऐलीलोथैपी,negative allelopathy
सूत्रकृमिनाशी,nematicide
सूत्रकृमिरोधी मूलवृंत,nematode resistant rootstock
सूत्रकृमिविज्ञान,nematology
विरिंधमता,neoteny
नेट स्वांगीकरण दर,net assimilation rate (NAR)
नेट लाभ,net gain
निवल आय (फार्म आय),net income (farm income)
निवल सिंचाई मांग,net irrigation requirement
निवल उत्पादकता,net productivity
शुद्ध प्रतिफल,net return
जाली लगाना,netting
जाली से पकड़ना,netting
न्यूरॉन,neuron
तंत्रिकाशिक,neuron
निष्प्रभावी,neutral
उदासीन,neutral
उदासीनता,neutralism
उदासीनीकरण,neutralization
निष्प्रभावीकरण,neutralization
उदासीन मृदा,neutral soil
न्यूट्रॉन नमीमापी,neutron moisture meter
निवेश,niche
कर्मस्थिति,niche
कर्मठता,niche
निकोटिन,nicotine
मल,night soil
विष्ठा,night soil
नाइट्रेट स्वांगीकरण,nitrate assimilation
नाइट्रेट अपचयन,nitrate reduction
नाइट्रेट आभिशप्तता,nitrate toxicity
शोरा,nitre
नाइटर,nitre
नाइट्रीकरण संदमक,nitrification inhibitor
नाइट्रोजन स्वांगीकरण,nitrogen assimilation
नाइट्रोजन चक्र,nitrogen cycle
नाइट्रोजन न्यूनता,nitrogen deficiency
नाइट्रोजन स्थिरीकरण,nitrogen fixation
नाइट्रोजन,nitrogenous
उत्क्रटीकरण,nobilization
पौंडा,noble cane
मोटा गन्ना,noble cane
रात्रिचर,nocturnal
गांठ,node
पर्वसंधि,node
नोड,node
मृदुल (मूल) पादप,nodulated plant
ग्रंथन,nodulation
ग्रंथि,nodule
घुमंतू,nomadion
चलवासी,nomadion
खानाबदोश,nomadion
नाम पद्घति,nomenclature
अलिकली,non allelic
अकेशिका रंध्र,non capillary pore
अप्रतिस्पर्धी फसल,non competing crop
निरर्थक उत्परिवर्तन,nonsense mutation
असार्थक,non significant
अम्लनकारी उर्वरक,non-acid forming fertilizer
अयुग्मन,uncoupling
अज्ञातकुल (पशु),non-descript (animal)
अनावश्यक तत्व,non-essential element
असमांग,non-homogenous
असमरूप,non-homologus
असमजात,non-homologus
अध्रुवीय यौगिक,non-polar compound
अनवीकरणीय ऊर्जा,non-renewable energy
अवरणात्मक स्पर्श शाकनाशी,non-selective
संपर्क शाकनाशी,contact herbicide
अवरणात्मक शाकनाशी,non-selective herbicide
असहजीवी नाइट्रोजन स्थिरीकरण,non-symbiotic
प्रसामान्य बंटन,normal distribution
सामान्य पौध,normal seedlings
प्रसामान्य विलयन,normal solution
प्रसामान्यीकरण,normalising
नार्दर्न शोषण,northern blotting
सूचनीय रोग,notifiable disease
विज्ञाप्य रोग,notifiable disease
बिना जुताई के बुवाई,no-till planting
अमिटकारी खरपतवार,noxious weeds
नाभिकीय चुंबकीय अनुनाद,nuclear magnetic
न्यूक्लिक अम्ल,nucleic acid
न्यूक्लियोबैक्टर,nucleobacter
न्यूक्लियोलस,nucleolus
केन्द्रिका,nucleolus
न्यूक्लियोटाइड,nucleotide
निराकरणीय परिकल्पना,null hypothesis
शून्यसूत्री,nullisomic
शून्य उत्परिवर्तन,null-mutation
धात्री कोशिका,nurse cell
पोषक फसल,nurse crop
पोषक सरस,nurse crop
रोपणी,nursery
नर्सरी,nursery
पोषशाला,nursery
द्रव फल,nut
गुटली,nut
द्रवकण,nut
पोषक चक्र,nutrient cycling
पोषक न्यूनता लक्षण,nutrient deficiency symptoms
पोषण,nutrition
पोषण मान,nutritional value
पोषण मान सूचकांक,nutritive value index
अविकल्पी वायुजीव,obligate aerobes
अविकल्पी अवायुजीव,obligate anaerobes
अविकल्पी परजीवी,obligate parasite
अविकल्पी,obligate
अवांछित पौधे,off-type plants
ओकाजाकी खंड,Okazaki fragment
शाकभाजी उत्पादन,olericulture
शाकभाजी संवर्धन,olericulture
अल्पजीन,oligogene
अलिगोन्यूक्लिओटाइड,oligonucleotide
जैतून का तेल,olive oil
ओमेगा-3-वसीय अम्ल,omega-3-fatty acid
सर्वाहारी,omnivorous
अर्द्व जीन,oncogene
अर्द्वजनक विषाणु,oncogenic virus
कैंसर विज्ञान,oncology
अर्द्वविज्ञान,oncology
प्रक्षेत्र पर अनुसंधान,on-farm research
अंडाणु,ovum
प्रचालन लागत,operating cost
ओपेरॉन,operon
प्रचालक,operon
अवसरी सरयन,opportunity cropping
इष्टतम मात्रा,optimum dose
इष्टतम आर्थिक मात्रा,optimum economic dose
फलोद्यान की दक्षता,orchard efficiency
जैविक कृषि,organic agriculture
कार्बनिक कोलॉइड्स,organic colloids
जैविक खेती,organic farming
जैविक खाद,organic manure
जैविक पदार्थ,organic matter
कार्बनिक पदार्थ,organic matter
जैविक नाइट्रोजन (मृदा),organic nitrogen (soil)
जैविक फॉस्फोरस,organic phosphorus
कार्बनिक मृदा,organic soil
जैविक मृदा,organic soil
जैविक अपशिष्ट,organic wastes
जैविक,organic
कार्बनिक,organic
संगठित विपणन,organised marketing
अंग विकास,organogenesis
इंद्रियग्राही मूल्यांकन,organoleptic evaluation
पक्षिविज्ञान,orninthology
सुगठ्य बीज,orthodox seed
लंबिक बहुपद समीकरण,orthogonal polynomial equation
परासरण,osmosis
परासरणी प्रभाव,osmotic effect
परासरणी विभव,osmotic potential
उद्भेद,out break
फैलना,out break
बाहि: प्रजनन,out breeding
अवन,oven
बंद चूल्हा,oven
शिशिर लयन,overwinter
अतिव्यापी पीढ़ी,overlapping generation
ऑक्सीकरण,oxidation
अम्लोदभिद,oxylophytes
पैकिंग,packing
बाड़ा,paddock
युगल पंक्ति बुवाई,paired row planting
खाद्यता,palatability
स्वादिष्टता,palatability
1. पुष्पगुच्छ,panicle
2. यौगिक असिमाक्ष,panicle
पराकेंद्रि प्रतिलोमन,paracentric inversion
प्राचल,parameter
परजीवी,parasite
अंशवथयनन,parboiling
मृदूतक,parenchyma
जनक शेल,parent rock
मूल शेल,parent rock
स्थायी अनावृष्टि,parmanent drought
स्थायी सूखा,parmanent drought
अनिषेकजनन,parthenogenesis
आंशिक कारक उत्पादकता,partial factor productivity
सहभागी ग्रामीण आकलन,participatory rural appraisal
कण घनत्व,particle density
निष्क्रिय अवशोषण,passive absorption
चरागाह,rangeland
पाशुरीकरण,pasturization
पी.सी.आर. (पॉलिमरेज),PCR
शृंखला अभिक्रिया,polymerase chain reaction
भूस्वामित्व खेती,peasant farming
पीट (मृदा),peat (soil)
पेड,ped
"पुष्पदंड, वृंत",pedicel
वंशावली,pedigree
मृदाजनन,pedogenesis
मृदाविज्ञान,pedology
"छीलना, विश्लेषण",peeling
टिकियाकरण,pelleting
अंतःक्षरण,percolation
बहुवर्षीय पादप,perennial
परिकेंद्रित प्रतिलोमन,pericentric inversion
परिनगरीय,peri-urban
पारगम्यता,permeability
स्थायी कृषि,permaculture
स्थायी म्लानि बिंदु,permanent wilting point (PWP)
पारगम्यता गुणांक,permeability coefficient
पारगम्यता दर,permeability rate
पारगम्यता मापी,permeameter
दीर्घस्थायी शाकनाशी,persistent herbicide
पीड़कनाशी,pesticide
शैललभिद,petrophyte
विभोजी,phage
फाज,phage
समयांतराल बुवाई,phased planting
फेसमिड,phasmid
प्रणामक,phasmid
कागजन,phellogen
फिनोलिक यौगिक,phenolic compounds
रूपानुकूलति विज्ञान,phenology
घटना विज्ञान,phenology
लक्षण,phenotype
लक्षण प्रकार,phenotype
समलक्षणी,phenotype
फेरोमोन,pheromone
पोषवाह,phloem
फ्लोएम,phloem
फॉस्फेट स्थिरीकरण,phosphate fixation
फॉस्फेट शैल,phosphate rock
फॉस्फेट विलयीकरण,phosphate solubilization
फॉस्फेट विलयीकरण जीवाणु,phosphate solubilizing
फॉस्फेटाइड,phosphatide
फॉस्फो-जिप्सम,phospho-gypsum
फॉस्फोरस युक्त जिप्सम,phospho-gypsum
फॉस्फोलिपिड,phospholipid
फॉस्फोरिलीकरण,phosphorylation
प्रकाश वर्णक्रममापी,photo spectrometer
प्रकाशस्वपोषी,photoautotroph
प्रकाश रासायनिक अभिक्रिया,photochemical reaction
प्रकाशिक अपघटन,photodecomposition
प्रकाशमिति,photometry
प्रकाशीय संरचना विकास,photomorphogenesis
फोटॉन,photon
प्रकाश आक्सीकरण,photo-oxidation
दीप्तिकाल,photoperiod
प्रकाशकाल,photoperiod
दीप्तिकालिता,photoperiodism
प्रकाशीय फॉस्फोरीलीकरण,photophosphorylation
प्रकाश पुनः सक्रियण,photoreactivation
प्रकाशग्राही,photoreceptor
प्रकाशीय श्वसन,photorespiration
प्रकाश संश्लेषण,photosynthesis
प्रकाश संश्लेषी दक्षता,photosynthetic efficiency
प्रकाश संश्लेषी गुणांक,photosynthetic quotient
प्रकाश संश्लेषी सक्रिय विकिरण,photosynthetically
प्रकाशानुवर्तन,phototropism
पर्णमिता,phyllody
पर्णविन्यास,phyllotaxy
भौतिक अपक्षय,physical weathering
कार्यकीय विकार,physiological disorder
कार्बकीय शुष्कता,physiological drought
कार्बकीय भार हानि,physiological loss
कार्बकीय परिपक्वता,physiological maturity
पादपवर्णक,phytochrome
पादप निष्कर्षण,phytoextraction
पादप भार,phytomass
पादप सूत्रकृमि,phytonematode
पादप उपचार,phytoremediation
पादप सिडरोफोर,phytosiderophore
पादप आभिषालु,phytotoxic
फाइटोट्रॉन,phytotron
चित्रालेख,pictograph
पाई आलेख,pie diagram
घट खेती,pitcher farming
"अवस्थापन, निवेशन (उर्वरक)",placement (fertilizer)
बीजांडआसन (पौधों में),placenta
"अपरा, प्लेसेंटा",placenta
"सुगाग, पाटा फेरना",planking
पादप प्रजनन,plant breeding
पादप सघनता,plant density
पादप पारिस्थितिकी,plant ecology
पादप वृद्धि कारक,plant growth promotor
पादप वृद्धि नियामक,plant growth regulator
पादप प्रवेश,plant introduction
पादप पोषक (तत्व),plant nutrients
पादप पोषण,plant nutrition
पादप संगरोध नियमन,plant quarantine regulation
पादप ऊतक परीक्षण,plant tissue test
रोपणी फसलें,plantation crops
बागानी फसलें,plantation crops
प्लांटर,planter
रोपण यंत्र,planter
रोपण सामग्री,planting material
रोपण अनुपात,planting ratio
प्रद्रव,plasma
प्लाज्मा झिल्ली,plasma membrane
प्लाज्मिड,plasmid
प्रद्रवयंतु,plasmodesmata
प्रद्रवलयन,plasmolysis
सुघट्यता,plasticity
प्लास्टिकता,plasticity
प्लास्टीकल्चर,plasticulture
लवक,plastid
बहुप्रभावी जीन,pleiotropic gene
प्रखंड (प्रायोगिक),plot (experimental)
जुताई,ploughing
खुरदली,plough-sole
खुरदली निवेशान,plough-sole placement
वर्षा-आधारित धान की भूमियां,pluvial rice lands
वर्ष संबंधी,pluvic
वायुगालित फुहारा,pneumatic sprayer
स्वसनमूल,pneumatophore
पॉडजोल मृदा,podzol soil
पॉडजोलिकरण,podzolization
बिंदु उत्परिवर्तन,point mutation
प्वासां बंटन,Poisson distribution
परागक,pollinator
परागद,polliniser
बहुभ्रूणता,polyembrony
बहुलकन,polymerization
बहुरूपता,polymorphism
बहुभ्रूणगुता,polyspermy
बहुपट्टीय गुणसूत्र,polytene chromosome
फल विज्ञान,pomology
समष्टि,population
ससंरता,porosity (pore-space)
अंकुरण-पर्यांत,post-emergence
"कटाई उपरांत, तुड़ाई उपरांत, सस्योत्तर",post harvest
कटाई-उपरांत जुताई,post-harvest tillage
पोटेशियम अवशोषण अनुपात,potassium absorption ratio
पोटेशियम स्थिरीकरण,potassium fixation
संभाव्य अम्लता,potential acidity
संभाव्य फसल उपज,potential crop yield
संभाव्य वाष्पन,potential evaporation
संभाव्य वाष्पन-रूपांतरण,potential evapo-transformation
कुक्कुट पालन,poultry farming
प्रेयरी,Prairie
फलनपूर्व अवधि,pre-bearing period
"अवक्षेपण, वर्षा",precipitation
परिशुद्ध कृषि,precision agriculture
परभक्षी,predator
अंकुरणपूर्व,pre-emergence
अंकुरण-पूर्व उपचार,pre-emergence treatment
बुवाई-पूर्व उपचार (शाकनाशी),preplanting treatment
प्रेसमड (चीनी की मैली),pressmud
दाब प्रवणता,pressure gradient
कीमत लोच,price elasticity
कीमत सूचकांक,price index
प्राथमिक संवर्ध,primary culture
प्राथमिक वृद्धि,primary growth
प्राथमिक कर्षण,primary tillage
प्रारंभक,primer
रचना (तंबाकू),priming (tobacco)
आद्य अवस्था,primordial stage
प्रायोन,prion
प्रायिकता,probability
संपरीक्षक,probe
समस्याग्रस्त मृदा,problem soil
प्रसंस्करण,processing
उत्पादन फलन,production function
उत्पादकता,productivity
लाभ,profit
संतति परीक्षण,progeny-testing
प्रगतिशील किसान,progressive farmer
परियोजना मूल्यांकन,project evaluation
प्राक्केंद्रकी,prokaryote
उदायक,promotor
रोग निरोधी छिड़काव,prophylactic spray
स्वामित्व किस्म,proprietary cultivar
पुंपूर्वी,protandrous
प्रोटीन,protein
प्रोटीन इंजीनियरी,protein engineering
प्रोटीन अनुक्रमण,protein sequencing
प्रोटीन संश्लेषण,protein synthesis
प्रोटीन संजीविकी,proteomics
स्त्री पूर्वता,protogyny
जीवद्रव्य,protoplasm
प्रपोषित,prototroph
प्रूसिक अम्ल,prussic acid (HCN/dhurin)
कूट विकल्ली,pseudoallele
आगमासी उभयलिंगी,pseudohermaphrodite
साइक्रोमीटर,psychrometer
आर्द्रतामापी,psychrometer
कादों,puddle
गाद,puddle
कीचड़,puddle
गादयुक्त मिट्टी,puddled soil
कादों करना,puddling
गाद करना,puddling
गूदा निकालना,pulping
दलहनी बीज,pulse seed
चूर्णन,pulverization
भुरभुरा करना (मिट्टी),pulverization (soil)
तीखा,pungent
शुद्ध संवर्ध,pure culture
शुद्ध वंशक्रम,pure line
शुद्ध वंशक्रम वरण,pure line selection
रेचक,purgative
शोधन,purification
शुद्धता परीक्षण,purity test
पाइरेनोमीटर,pyranometer
भू-तापमापी,pyregeometer
सौर विकिरणमापी,pyreheliometer
क्यू दस,Q 10
मात्रात्मक विशेषक स्थल,QTL (quantitative trait loci)
चतुर्कोण,quadrat
द्विघाती प्रतिक्रिया,quadratic response
चतु: सस्यन,quadruple cropping
गुणात्मक वंशागति,qualitative inheritance
गुणता बीज,quality seed
मात्रात्मक आनुवंशिकी,quantitative genetics
मात्रात्मक वंशागति,quantitative inheritance
क्वांटम बीज,quantum seed
संगरोध,quarantine
संगरोध पीड़क,quarantine pest
स्फटिक,quartz
त्वरित परीक्षण,quick test
प्रशांति,quiescence
प्रशांत केंद्र,quiescent centre
आर मान,R value
रबी फसल,rabi (winter) crop
असीमाक्ष,raceme
विकिरण,radiation
मूलांकुर,radicle
रेडियोधर्मिता,radioactivity
विकिरण जीविकी,radiobiology
विकिरण जीव विज्ञान,radiobiology
विकिरण प्रतिरक्षी आमापन,radioimmuno assay
रेडियोधर्मी समस्थानिक,radioisotope
वर्षा जल संग्रहण,rain water harvesting
इंद्रधनुषी क्रांति,rainbow revolution
वर्षा,rainfall
बारानी,rainfed
वर्षा आश्रित,rainfed
वर्षामापी,rain-gauge
वर्षा ऋतु,rainy season
बरसात,rainy season
उठीव क्यारी,raised bed
"रैंचन, पशु-संबंधी उद्यम",ranching
"विकृताग्निता, खदवास",rancidity
यादृच्छक प्रवर्धित बहुरूपी,random amplified polymorphic
यादृच्छक नमूना,random sample
यादृच्छकीकरण,randomization
यादृच्छक ब्लॉक डिजाइन,randomized block design
दूरी विभेदन (सांख्यिकी),range (Statistics)
चरागाह प्रबंधन,range management
त्वरित ग्रामीण आकलन,rapid rural appraisal (RRA)
राशन,ration
"रatoon, पेड़ी",ratoon
पेड़ी सरयन,ratoon cropping
"फसल कटाई यंत्र, फसल कर्तक",reaper
दुस्साध्य बीज,recalcitrant seed
प्रतिसार कृषि,recession farming
प्रतिसार प्रावस्था,recession phase
अप्रभावी,recessive
"पुनर्भरण, पुनःपूरण",recharge
पारस्परिक जीन,reciprocal genes
उद्धारित भूमि,reclaimed land
पुनर्योजक,recombinant
पुनर्योजक डी.एन.ए. प्रौद्योगिकी,recombinant DNA technology
पुनर्योजन,recombination
पुनरेक,recon
रेकॉन,recon
आविधि सर्वेक्षण,reconnaissance survey
पुनरावर्ती जनक,recurrent parent
पुन:उपयोगी अवशिष्ट,recyclable waste
लाल शैवाल,red algae
लुप्तप्राय जीवों की सूची,red data book
लाल मृदा,red soils
रेडॉक्स विभव,redox potential
अपचयोपचय विभव,redox potential
लघूकृत नमूना,reduced sample
लघूकृत जुताई,reduced tillage
अपचयी शर्करा,reducing sugar
अपचयन,reduction
लघूकरण,reduction
संदर्भ फसल,reference crop
परावर्तन गुणांक,reflection coefficient
परावर्तन,reflection
प्रतिवर्ती पुंकेसर,reflexed stamen
अपवर्तन सूचकांक,refractive index
अपवर्तनमापी,refractometer
पुनर्जनन,regeneration
पुनरुत्पादन,regeneration
पंजीकृत बीज,registered seed
आवरण प्रस्तर,regolith
सामश्रयण,regression
सामश्रयण गुणांक,regression coefficient
नियामक जीन,regulator gene
सापेक्ष फसल सघनता सूचकांक,relative crop-intensity index
सापेक्ष सघनता गुणांक,relative crowding coefficient (K)
सापेक्ष वृद्धि दर,relative growth rate (RGR)
सापेक्ष आर्द्रता,specific humidity
सापेक्ष परिशर सूचकांक,relative spread index
आपेक्षिक जलांश,relative water content
संबंधित खरपतवार,relative weed
सापेक्ष उत्पादन सूचकांक,relative yield index
कुल सापेक्ष उत्पादन,relative yield total
क्रमिक सरयन,relay cropping
अनुपद सरयन,relay cropping
उच्चावच (भूमितल),relief
सुदूर संवेदन,remote sensing
नवीकरणीय ऊर्जा स्रोत,renewable sources of energy
जीर्णोद्धार,renovation
विकर्षक,repellent
प्रतिकृति यन दविखाख,replication fork
"प्रतिकृति, पुनरावृत्ति",replication
प्रतिवेदक जीन,reporter gene
उर्वरक का अवशिष्ट प्रभाव,residual effect of fertilizer
खाद का अवशिष्ट प्रभाव,residual effect of manure
अवशिष्ट सोडियम कार्बोनेट,residual sodium carbonate
अवशिष्ट मृदा उर्वरता,residual soil fertility
अवशिष्ट,residue
सहनशीलता (फसल),resilience (crop)
संसाधन उपयोग सूचकांक,resource-use indices (RUI)
स्वसन गुणांक,respiration quotient
स्वसनी वर्णक,respiratory pigments
स्वसन घातांक,respiratory quotient
अनुक्रिया वक्र,response curve
अनुक्रिया,response
प्रतवस्थापक केंद्रक,restitution nucleus
प्रतवस्थापक वंशक्रम,restorer line
प्रतिबंधन एन्जाइम,restriction enzyme
प्रतिबंधन खंड,restriction fragment
परिणाम प्रदर्शन,result demonstration
"फुटकर, खुदरा",retailing
मंदक,retarder
"पश्च विषाणु, श्वेत विषाणु",retrovirus
अपगलन,retting
सड़ाना,retting
राजस्व,revenue
उल्क्रम आनुवंशिकी,reverse genetics
उल्क्रमित उत्परिवर्तन,reverse mutation
राइजोबैक्टीरिया,rhizobacteria (PGPR)
मूल परिवेश निषेचन,rhizodeposition
मूलमास,rhizoid
प्रकंद,rootstock
मूल परिवेश,rhizosphere
राइबोसोम,ribosome
रिकेट्सिया जैसे जीव,rickettsia like organisms
मेंड़बांधक,ridge former (ridger)
कटकर बांधक,ridge former (ridger)
कटकर रोपण,ridge planting
कटकर वेदिका,ridge terrace
मेंड़ पर जुताई,ridge till
रिल अपरदन,rill erosion
जोखिम,risk
आर एन ए सोपान,RNA Ladder
चट्टान,rock
अवांछित,rogue
अपवांछन,roguing
मूल फसल,root crop
जड़ वाली फसल,root crop
मूल निस्स्राव,root exudates
मूल गॉल निमेटोड,root gall nematode
मूल प्रेरक प्लास्मिड,root inducing plasmid
मूल ग्रंथिका,root nodules
मूलवंत,rootstock
रोजेट रोग,rosette disease
रोजेट बहुभ्रूणता,rosette polyembryony
रोजेट विषाणु,rosette virus
घूर्णी जुताई,rotary tillage
क्रमिक चराई,rotational grazing
मोटा चारा,roughage
रूक्षांश,roughage
पंक्ति फसल,row crops
पंक्तिबद्ध फसल,row crops
पंक्ति अंतःफसल,row intercropping
तत्काल सेवा पेय,RTS beverage
उपरी भूस्तारी,runner
अपवाह खेती,run-off farming
अपवाह जल,run-off
क्षेत्रीय ग्रामीण बैंक,rural regional bank
लवणी क्षारीय मृदा,saline alkali soil
लवण मृदा,saline soil
लवणीकरण,salinization
लार ग्रंथि गुणसूत्र,salivary gland chromosome
लवण,salt
लवण प्रभावित मृदा,salt-affected soil
लवण सूचकांक,salt index
लवण प्रतिवल,salt stress
लवण सह्यता उच्छलन,salt tolerance
प्रतिदर्श,sample
प्रतिचयन त्रुटि,sampling error
"प्रतिचयन मापक, नमूना मापक",sampling unit
प्रतिचयन,sampling
बालू,sand
बलुई मृत्तिका,sandy clay
बलुई दोमट,sandy loam
"बलुई मिट्टी, बलुई मृदा",sandy soil
रस,sap
पौध,seedling
सापनीकरण मान,saponification value
अनुपगमी डी.एन.ए.,satellite DNA
अनुपगमी खरपतवार,satellite weed
संतृप्त वाष दबाव,saturated vapour pressure
सवाना (घास के मैदान),savanna
आलंबी प्रोटीन,scaffold protein
"स्केप, प्रपुंज",scape
क्षतविक्षन,scarification
"सायन, सांकुर",scion
छायाप्रिय पौधे,sciophytes
ऋतुनिष्ठ चक्र,seasonal cycle
"मौसमी सूखा, मौसमी अनावृष्टि",seasonal drought
मौसमी पादप,seasonal plant
द्वितीयक वृद्धि,secondary growth
द्वितीयक पादप पोषक (तत्व),secondary plant nutrients
द्वितीयक उत्पादकता,secondary productivity
द्वितीयक भूपरिष्करण,secondary tillage
झाड़ी,sedge
बीजोज ककक,seed borne fungus
बीज प्रमाणिकरण,seed certification
बीज दृढ़ीकरण,seed hardening
बीजोपचार,seed treatment
बीज एवं उर्वरक बुवाई यंत्र,seed-cum-fertilizer drill
अंतःस्रवण,seepage
विसंयोजन,segregation
वरणयोग्य चिह्नक,selectable marker
वरण दबाव,selection pressure
वरणात्मक शाकनाशी,selective herbicide
वरणात्मकता सूचकांक,selectivity index
स्व: निषेचन,self fertilization
आत्म-निर्भरता,self sufficiency
स्वत: विरलन क्षमता,self thinning capacity
स्वत: फलदायी,self-fruitful
स्व: असंगतता,self-incompatibility
स्वार्थी डी.एन.ए.,selfish DNA
अर्ध शुष्क,semi-arid
संवेदी आकलन,sensory evaluation
बाह्य दल,sepal
क्रमिक सरणन,sequential cropping
क्रमिक तनुता,serial dilution
रेशमकीट पालन,sericulture
सीरम विज्ञान,serology
सीरम,serum
लिंग निर्धारण,sex-determination
लिंग सहलग्नता,sex-linkage
लैंगिक प्रवर्धन,sexual propagation
परत अपरदन,sheet erosion
निखोलना,shelling
हवा के विरुद्ध रोक,shelter belt
अल्प प्रदीपकालीन पादप,short-day plant
लघु - तरंगदैर्ध्य विकिरण,short-wave radiation
बहुपोषी संवाहक,shuttle vector
शटल संवाहक,shuttle vector
सहोदर,sibling
दात्र कोशिका अरक्तता,sickle cell anemia
सिगमायड वक्र,sigmoid curve
संकेत परिकल्पना,signal hypothesis
सार्थकता परीक्षण,significance test
साइलेंज (चारा),silage
भंडारण पात्र,silo
माद,silt
तलछट,silt
तलछटी दोमट,silt loam
वनवर्धन,silviculture
गर्त,sink
होद,sink
सिंक,sink
विलय क्षमता,sink capacity
सहअर्धसूत्र,sister chromatid
स्थान-विशिष्ट पोषक तत्व प्रबंधन,site-specific nutrient management
वैकम्प्य वितरण,skewed distribution
पंक्ति अंतराल रोपण,skip row planting
अवपंक फफूंदी,slime mould
मंद निर्भर उर्वरक,slow-release fertilizer
आपंक,sludge
कर्दम,slurry
शामक फसलें,smother crops
सामाजिक वानिकी,social forestry
सतृणभूमि कृषि,sod culture
सॉड घास,sod
सॉड मृदा,sodic soil
सोडियम अवशोषण अनुपात,sodium absorption ratio
सोडियम पंप,sodium pump
मृदुकाष्ठ कलमबंदी,soft-wood grafting
मृदा आसंजन,soil adhesion
मृदा वातन,soil aeration
मृदा पुंज,soil aggregate
मृदा क्षारियता,soil alkalinity
भूमि शोधन,soil amendment
मृदा विश्लेषण,soil analysis
मृदा जैव विविधता,soil biodiversity
मृदा जीविकी,soil biology
मृदा वर्गीकरण,soil classification
मृदा कोलाइड,soil colloid
मृदा संहतिकरण,soil compaction
मृदा अनुकूलक,soil conditioners
मृदा संरक्षण,soil conservation
मृदा पपड़ी,soil crust
मृदा निम्नीकरण,soil degradation
मृदा अपरदनीयता कारक,soil erodibility factor
मृदा उर्वरता,soil fertility
मृदा उत्पत्ति,soil genesis
मृदा स्वास्थ्य,soil health
मृदा संस्तर,soil horizon
मृदा वृहत्जीव,soil macroorganisms
मृदा प्रबंधन,soil management
मृदा सूक्ष्म जीविकी,soil microbiology
मृदा सूक्ष्मजीव,soil microorganisms
मृदा नमी अल्पता,soil moisture deficit
मृदा कार्बनिक पदार्थ,soil organic matter
मृदा संरचना,soil structure
मृदा उत्पादकता,soil productivity
मृदा परिछेदिका,soil profile
मृदा गुणवत्ता,soil quality
मृदा अभिक्रिया,soil reaction
मृदा प्रतिरोध,soil resistance
मृदा लवणता,soil salinity
मृदा रुग्णता,soil sickness
मृदा छानना,soil sieving
मृदा विलयन,soil solution
मृदा निर्जीवकारक,soil sterilent
मृदा निलंबन,soil suspension
मृदा परीक्षण,soil testing
मृदा गठन,soil texture
मृदा-जल विभव,soil water potential
मृदाजल,soil water
सौर स्थिरांक,solar constant
सौर विकिरण,solar radiation
सौर वर्णक्रम,solar spectrum
"सौर्यन, सूर्यीकरण",solarization
एकल फसल,sole crop
घुलनशील सोडियम प्रतिशत,soluble sodium percentage
कायिक कोशिका,somatic cell
कायिक भ्रूण,somatic embryo
कायिक संकरण,somatic hybridization
ज्वार क्षति,sorghum injury
क्षतिपूरक जीन,sos gene
सदर्न शोषण,southern blotting
दूरी (पादप),spacing (plant)
स्पेडिक्स,spadix
स्पेथ,spathe
विशेष विन्यास,special arrangement
विशिष्ट सरयन,specialised cropping
विशिष्ट कृषि,specialized farming
जाति,species
विशिष्ट फसल सघनता सूचकांक,specific crop intensity index
विशिष्ट गुरुत्व,specific gravity
आपेक्षिक गुरुत्व,specific gravity
विशिष्ट पर्ण क्षेत्र,specific leaf area
शुक्राणुजनन,spermatogenesis
एस. प्रावस्था,s-phase
कणिश,spike
कणिशिका,spikelet
तर्कु झाड़ी,spindle bush
बौछारी अपरदन,splash erosion
समबंधन,splicing
विभाजित प्रयोग,split application
विभाजित जीन,split genes
विभक्त प्लॉट डिजाइन,split plot design
स्पंजी ऊतक,spongy tissue
स्वत: उत्परिवर्तन,spontaneous mutation
बीजाणु,spore
फोहारी सिंचाई,sprinkler irrigation
स्पडन,spudding
दलपुट,spur
दलपुटधारी,spur bearing
अल्पकालिक झंझावात,squall
अंधड़,squall
स्थायीकारक कर्मक,stabilizing agent
मानक विचलन,standard deviation
भोज्य फसल,staple crop
प्रारंभि प्रकोट,start codon
आरंभि विलयन,starter solution
तना बेधक,stem borer
स्तंभ अंत,stem-end
अवर्धबीजता,stenospermocarpy
स्टेपी (घास के मैदान),steppe
निर्जीविकरण,sterilization
बंध्यीकरण,sterilization
वर्तिकाग्र सुग्राहिता,stigma receptivity
वर्तिकाग्र,stigma
स्वासच्छिद्र,stigma
अवस्तंभ मूल,stilt root
भूसारी,stolon
रंध्र,stomata
स्टूलिंग,stooling
रोध प्रकूट,stop codon
स्तरित,stratified
स्तरण,stratification
प्रतिबल,stress
पट्टीदार सरयन,strip cropping
पट्टी अंतरासरयन,strip intercropping
पीठिका,stroma
ठूंठ,stubble
ठूंठ पलवार,stubble mulching
वर्तिका,style
उप आर्द्र,sub humid
सुबरीकरण,suberication
कार्कीकरण,suberication
जीविकोपार्जनी सरयन,subsistence farming
निर्वाही कृषि,subsistence farming
अवमृदा,subsoiling
अवभूमि की गहरी जुताई,subsoiling
उपजाति,sub-species
प्रतिस्थापन सरयन,substitution cropping
क्रियाधार,substrate
अवस्तर,substrate
उपसतही सिंचन,subsurface irrigation
अनुक्रमण,succession
गूदेदार,succulent
अंतः भूस्तारी,sucker
स्वत:वर्गीय,sui-generis
सौर उपचार,sun-curing
पूरक सिंचन,supplemental irrigation
पूरक सिंचाई,supplemental irrigation
पूरक उद्यम,supplementary enterprise
अनुपूरक अन्योन्य क्रिया,supplementary interaction
निरोधक जीन,supressor gene
पृष्ठ सक्रियक,surfactant
सुग्राही,susceptible
ग्रहणशील,susceptible
निलंबन संवर्ध,suspension culture
संवहनीय कृषि,sustainable agriculture
टिकाऊ खेती,sustainable agriculture
संवहनीय विकास,sustainable development
वृंदन,swarming
तलवारी पत्ती,sword leaf
साइकोनियम,syconium
सहजीविता,symbiosis
सहजीवन,symbiosis
युग्मक संलयन,syngamy
धान संहनन पद्धति,system of rice intensification
सर्वीय (स्थानांतरित) शाकनाशी,systemic herbicide
अनुचलन गति,tactic movement
टैगन (लेबलन),tagging (labelling)
टैंक तलछट,tank silt
मूसला जड़,tap root
"बल्लर, नर मंजरी (मक्का)",tassel (maize)
"वर्गिकी, वर्गीकरण विज्ञान",taxonomy
प्रौद्योगिकी,technology
शीतोष्ण क्षेत्र,temperate zone
अस्थायी म्लानि,temporary wilting
प्रतान,tendril
"तनावमापी, टेंसियोमीटर",tensiometer
परिदल,tepal
विकृतजनन,teratogeny
समापन प्रकोट,termination codon
वेदीका,terrace
वेदीका अंतराल,terrace interval
भूमिक विकिरण,terrestrial radiation
भौमिक खरपतवार,terrestrial weeds
परीक्षार्थ संकरण,test cross
परीक्षण भार,test weight
बीजावरण,testa
टेस्टा,testa
चतुष्क,tetrad
चतुर्मुणित,tetraploid
चतुर्मुणिता,tetraploidy
पुष्पासन,thalamus
ताप संचालकता,thermal conductivity
तापीय विसरण,thermal diffusivity
तापीय प्रेरण,thermal induction
तापयुग्म,thermocouple
तापसंयुग्म,thermocouple
तापलेखी,thermograph
तापीय आवर्तिता,thermoperiodicity
तापीय आवर्तन,thermoperiodism
तापरागी,thermophile
ताप अनुचालन,thermotaxis
विरलन,thinning out
मड़ाई,threshing
गहाई,threshing
अर्बुद प्रेरक प्लाज्मिड,Ti plasmid
ज्वारीय दलदली भूमि,tidal swamps
ज्वारीय दलदल,tidal swamps
खपरैल जल निकास,tile drainage
जुताई योग्यता,tillability
"जुताई, कर्पण",tillage
कल्ला (पादप),tiller (plant)
"कल्ले निकलना, तल्लाशाखन",tillering
कल्ले फूटने की अवस्था,tillering stage
भुरभुरी भूमि,tilth
उतक परीक्षण,tissue testing
ताड़ी,toddy
सह्यता,tolerance
"ऊपरी मृदा, सतही मृदा",top soil
तमाकू,topato
खड़ी फसल में खाद डालना,top-dressing
स्थल मौसमविज्ञान,topoclimatology
शीर्षमूलन,topping (tobacco)
सकल पचनशील पोषक तत्व,total digestible nutrient
सकल कारक उत्पादकता,total factor productivity
कुल घुलनशील ठोस,total soluble solids
पूर्णशक्तता,totipotency
आविषाक्तता,toxicity
आविष,toxin
"लेशातत्व, सूक्ष्म मात्रिकत्व",trace elements
"अनुजापक तत्व, अनुरेखक तत्व",tracer elements
पार क्रियाशील,transacting
अनुलेखन,transcription
रूपांतरण,transformation
पराजनी,transgenic
अनुवाद,translation
स्थानांतरण,translocation
पारगमनता,transmittance
वाष्पोत्सर्जन गुणांक,transpiration coefficient
वाष्पोत्सर्जन खिंचाव,transpiration pull
वाष्पोत्सर्जन अनुपात,transpiration ratio
रोपण धक्का,transplant shock
रोपाई यंत्र,transplanter
रोपण,transplanting
रोपाई,transplanting
स्थानांतरित मृदा,transported soil
ट्रांसपोसोन,transposon
अनुप्रस्थ जलनिकास,transverse drainage
पाश फसलें,trap crops
फाँसू फसलें,trap crops
पत्ती उतारना (जैसे गन्ने में),trashing
उपचार,treatment
वृक्ष सस्यन,tree cropping
वृक्षवलय,tree ring
परीख,trial
अल्पमात्रा सिंचाई,trickle irrigation
विमोचक कारक,trigger factor
त्रिगुणित,triploid
त्रिविध सरयन,tripple cropping
तिहरा सरयन,tripple cropping
पोषी स्तर,trophic level
अनुवर्ती गति,tropic movements
उष्ण कटिबंधीय क्षेत्र,tropical region
अनुवर्तन,tropism
वास्तविक घनत्व,true density
वास्तविक पचनीयता,true digestibility
रूंद परिक्छेदिका,truncated profile
रूंद भूमि,truncated soil
सुनामी,tsunami
कंदीय फसलें,tuber crops
कंद,tuber
अर्बुद,tumour
भूमि रूंदन,tuncation of soil
टुंड्रा,tundra
दर्शस्थल,turf
टर्फ,turf
पीट,turf
स्पीत,turgid
स्पीत गति,turgor movement
स्पीत दाब,turgor pressure
स्पीति,turgor
टर्नर का संलक्षण,Turner's syndrome
प्रकार,type (plant)
पादप प्रकार,type (plant)
प्रथम प्रकार की त्रुटि,type I error
द्वितीय प्रकार की त्रुटि,type II error
टाइफून,typhoon
दुतअपकेंद्रण,ultracentrifugation
पराध्वनि,ultrasound
पुष्पछत्र,umbel
अफलत,unfruitfulness
अफलन,unfruitfulness
एकसंयोजी,univalent
सार्वभौम आनुवंशिक कोड,universal genetic code
सार्वभौम मृदा ह्रास समीकरण,universal soil loss equation
असंतृप्त वसीय अम्ल,unsaturated fatty acids
उच्चभूमि धान,upland rice
उपरीभूमि,upland
उच्चभूमि,upland
शहरी कंपोस्ट,urban compost
यूरिया,urea
यूरीयज,urease
वैक्सीन,vaccine
टीका,vaccine
धानी,vacuole
रसधानी,vacuole
मूल्यवर्धित कृषि,value-added agriculture
मूल्यवर्धित उत्पाद,value added product
मूल्यवर्धन,value addition
मूल्य लागत अनुपात,value cost ratio
वैम,VAM (vesicular arbuscular)
वाष तापोपचार,vapour heat treatment
वाष दाब,vapour pressure
परिवर्ती लागत,variable cost
परिवर्ती जीन,variable gene
परिवर्ती दर प्रौद्योगिकी,variable rate technology
प्रसारण भिन्नता,variance
विभिन्नता,variation
किस्म,variety
रोग वाहक,vector
वनस्पति,vegetation
वानस्पतिक निम्नीकरण,vegetation degradation
वानस्पतिक रोध,vegetative barrier
वानस्पतिक आच्छादन,vegetative cover
कायिक प्रवर्धन,vegetative propagation
वानस्पतिक प्रावस्था,vegetative stage
शिराविन्यास,venation
"कृमि-क्षिति, केंचुए का मल",vermicastings
वर्मी कंपोस्ट,vermicompost
वसंतिकरण,vernalization
ऊर्ध्व पलवार,vertical mulching
वर्टिसॉल,vertisol
जीवनक्षमता (बीज),viability (seed)
"लता, प्रशाखालता",vine
सिरका,vinegar
"उज जीन, विर जीन",vir gene
"अकृत्रिम भूमि, अस्वत भूमि",virgin land
"अकृत्रिम मृदा, अस्वत मृदा",virgin soil
उग्रता,virulence
विषाणु,virus
विषाणु आवरण प्रोटीन,virus coat protein
विषाणु सूचीककरण,virus indexing
श्यानता,viscosity
दृश्य विकिरण,visible radiation
विटामिन,vitamins
अंगूर उत्पादन,viticulture
सजीव प्रजक,viviparous
जरायुज,viviparous
रिक्त स्थान,void space
वाष्पीकरण,volatilization
नैसर्गिक पौधे,volunteer plants
मजदूरी,wage
नियत तापीय प्राणी,warm blooded animal
अपशिष्ट प्रबंधन,waste management
व्यर्थ भूमि,wastelands
अकृष्य भूमि,wastelands
जल प्रयोग दक्षता,water application efficiency
जल प्रयोग दर,water application rate
जल संतुलन,water balance
जल संपीकरण,water compaction
जल संरक्षण,water conservation
जल की खपत,water consumption
जल उपभोग,water consumption
जल संवहन दक्षता,water conveyance efficiency
जल कृषि,water culture
जल न्यूनता,water deficit
जल वितरण दक्षता,water distribution efficiency
जलकर,water duty
जल कूड़,water furrow
जल द्वार,water gates
जलाक्रांति,water logging
जल प्रबंधन,water management
फसलों की जल मांग,water requirement of crops
जलसंतृप्तता न्यूनता,water saturation deficit
भूजल स्तर,water table
जल उपयोग दक्षता,water use efficiency
जल प्राप्ति,water yield
जल संचयन,water-harvesting
जलसंभर,watershed
जलसंभर प्रबंधन,watershed management
जलसंभर उपचार,watershed treatment
जलसंभर प्रणाली,watershed-based system
जलमार्ग,waterway
तरंग लंबाई,wave-length
मोमिकीकरण,waxing
मौसम,weather
ऋतु,weather
अपक्षयण,weathering
खरपतवार,weed
खरपतवार नियंत्रण,weed control
खरपतवार नियंत्रण दक्षता,weed control efficiency
खरपतवार निर्मूलन,weed eradication
खरपतवार सूचकांक,weed index
वेस्टर्न शोषण,Western blotting
खरपतवार स्पेक्ट्रम,weed spectrum
आई-बल गिरावट,wet-bulb depression
आई-बल तापमान,wet-bulb temperature
आई-बल तापमापी,wet-bulb thermometer
आई भूमि,wetland
नम रोपण,wet planting
नम मौसम,wet season
गीली बुवाई,wet seeding
आई वर्ष,wet year
क्लेदनीय चूर्ण,wettable powder
क्लेदक,wetting agent
क्लेदन कारक,wetting agent
घूर्णी आईतापमापी,whirling psychrometer
श्वेत क्रांति,white revolution
समग्र फार्म विश्लेषण,whole farm analysis
समग्र फार्म दृष्टिकोण,whole farm approach
व्यापक अनुकूलनशीलता,wider adaptibility
स्लानि बिंदु,wilting point
वातरोध,wind break
वात ऊर्जा,wind energy
वायु अपरदन,wind erosion
वायु उत्पन्न करना,wind generation
पवन चक्की,wind mill
वायु शक्ति,wind power
वायु गति,wind speed
वायु पट्टिका सरसण,wind strip cropping
वायु वेग,wind velocity
वायु,wind
विंड्रो,windrow
विंड्रोअर,windrower
वायु दिक्दर्शी,wind-vane
ओसाईयंत्र,winnower
ओसाई,winnowing
वॉबल परिकल्पना,Wobble hypothesis
गर्भाशय,womb
काठ राख,wood ash
काठ गैस,wood gas
कार्य,work
जैंथिनमहे,xanthinuria
पीतवर्णक,xanthophyll
'एक्स' गुणसूत्र,x-chromosome
अपर पराग प्रभाव,xenia
जीरोडर्मा पिगमेंटोसम,xeroderma pigmentosum
मरुपादप,xerophyte
मरुपादपता,xerophytism
एक्स-किरण विवर्तन,x-ray diffraction
एक्स-रे विवर्तन,x-ray diffraction
जाइलम,xylem
दारु,xylem
जाइलोफाइट,xylophyte
काष्ठीय पादप,xylophyte
'वाई' जाल,'Y' trellis
वाई-गुणसूत्र,y-chromosome
खमीर,yeast
यीस्ट,yeast
यीस्ट निष्कर्ष,yeast extract
पीत क्रांति,yellow revolution
पीला पड़ना,yellowing
उपज घटक,yield component
उपज अनुवीक्षण,yield monitoring
उपज क्षमता,yield potential
उपज स्थायित्व,yield stability
पीतक,yolk
जायद,zaid
जेड-गुणसूत्र,z-chromosome
जेड-डी.एन.ए.,z-DNA
जीपिटिन,zeatin
शून्य ऊर्जा शीतकक्ष,zero energy cool chamber
शून्य कर्षण,zero tillage
शून्य सहनशीलता,zero tolerance
जिंक अल्पता,zinc deficiency
जिंक फिंगर प्रोटीन,zinc finger protein
जिंकयुक्त यूरिया,zincated urea
पारदर्शी अंडावरण,zona pellucida
प्राणी परागण,zoophily
प्राणी प्लवक,zooplankton
युग्मज,zygote
युग्मज घातक जीन,zygotic lethal gene
बादाम,almond
धीकुवारा,aloe
चोलाई,amaranthus
रामदाना,amaranthus
अजवाइन,ammi
अंजन घास,anjan grass
धामन घास,anjan grass
एंथूरियम,anthurium
आंवला,"aonla, Indian gooseberry"
सेब,apple
खुबानी,apricot
मोगरा,arbian jasmine
बेला,arbian jasmine
सुपारी,areca nut
अर्जुन,arjun
हींग,asfoetida
पेठा,ash gourd
अशोक,ashoka tree
दूधी,ashtma weed (euphorbia)
सतावर,asparagus
अवोकाडो,avocado
बबूल,babul acacia
कीकर,babul acacia
बेबी कॉर्न,baby corn
बेल,bael
लाजालु,baill
गुलमेंहदी,balsam
बांस,bamboo
केला,banana
वरगद,banyan tree
जौ,barley
सावां,barnyard millet
तुलसी,basil
रुद्राक्ष,bastard cedar
बहेड़ा,bastard myrobalan
कचनार,bauhinia
कैफल,bay berry
सेम,bean
चुकंदर,beet
बेलाडोना,belladonna
बेर,ber
बरसीम,berseem
पान,betel
बिलिंबी,bilimbi
करेला,bitter gourd
उड़द,black gram
मकोय,black nightshade
बोगनविलिया,bougainvillea
बोटल ब्रश,bottle brush
लौकी,chow-chow
चीकली,box tree
पापरी,box tree
ब्रेड फ्रूट,bread fruit
डेला,bridal creeper
बैंगन,brinjal
वाकला,broad bean
चौड़ी बीन,broad bean
ब्रोकोली,broccoli
ब्रुसेल स्प्राउट,brussel's sprout
कुटू,buckwheat
पलाश लता,butea
किंशुक,butea
बंदगोभी,cabbage
नागफनी,cactus
जरगुल,calendula
गिल्ली डंडा,canary grass (phalaris)
गेहूं का मामा,canary grass (phalaris)
कैना,canna
करीर,capparis
शिमला मिर्च,capsicum
कमरख,carambola
पुसुर,carapa
इलाइची,cardamom
कार्नेशन,carnation
गाजर,carrot
काजू,cashew nut
अमलतास,cassia
अरंडी,castor
फूलगोभी,cauliflower
सेलेरी,celery
चम्पा,champac
बथुआ,chenopodium
चेरी टमाटर,cherry tomato
चेरी,cherry
चना,"chickpea, gram"
मिर्च,chillies
काकड़ा,china turpentine tree
गुलदाउदी,chrysanthemum
चिचोड़ा,"chufa, earth almond"
चिकोरी,cichory
कारनी,cichory
दालचीनी,cinnamon
सिट्रोन,citron
गंजनी,citronella grass
मालती,climbing jasmine
लौंग,clove
ग्वार बीन,cluster bean
केहवा,cocoa
नारियल,coconut
कॉफी,coffee
पथरचूर,coleus
अरबी,colocasia
इंद्रायण,"colocynth, bitter apple"
जंगली पालक,common purslane
धनिया,coriander
कपास,cotton
लोबिया,cowpea
कबाब-चीनी,cubeb
खीरा,cucumber
कदूद्वर्गीय,cucurbits
जीरा,cumin
कड़ी पत्ती,curry leaf
शरीफा,custard apple
गुलबहार,daisy
खजूर,dates
दिन का राजा,day jasmine
सोया,dill
दीनानाथ घास,dinanath grass
अमरबेल,dodder
दूब घास,"doob grass, bermuda grass"
छोंकर,druce
सौंठ,dry ginger
चिलगोज़ा,edible pine
जिमीकंद,"elephant foot, yam"
सफेदा,eucalyptus
सौंफ,"fennel, anise"
मेथी,fenugreek
अंजीर,fig
कांगनी,finger millet
दावी,fire-flame bush
पलाश,flame of forest
फ्रेंच बीन,french bean
माजूफल,gall nut
लहसुन,garlic
जरबेरा,gerbera
घरकिन,gherkin
अदरक,ginger
ग्लोडियोलस,gladiolus
महकुवा,goat weed (ageratum)
ग्रेप फ्रूट,grapefruit
अंगूर,grapes
मूंग,green gram
भीमल,grewia
मूंगफली,groundnut
अमरूद,guava
गिनी घास,guinea grass
हेजल नट,hazel nut
भांग,hemp
खुरासानी अजवाइन,henbane
मेंहदी,henna
गुड़हल,hibiscus
हॉप,hop
कुल्थी,horse gram
कवांच,horse-eye-bean
भोजपत्र,Indian birch
केल,kale
लसोड़ा,Indian cherry
धूप,Indian juniper
बीजासर,Indian kino tree
सुपान,Indian laural tree
सुलतान चंपा,Indian laural tree
साया,Indian madder
मजीठ,Indian maddler
पापड़ा,Indian podo phylum
नील,indigo
काकुन,Italian millet
कुर्ची,ivory tree
कुंदरू,ivy gourd/little gourd
नीली गुलमोहर,jacaranda
कटहल,jackfruit
जामुन,jamun
मोतिया,jasmine
जट्टी/खट्टी,jatti khatti
रतनजोत,jattrofa
जूट,jute
कदंब,kadam
कांस घास,kans grass
करोंदा,karonda
राजमा,"kidney bean, rajmah"
कीवी फल,kiwifruit
गांठ गोभी,knol khol
विलायती इमली,kodampuli
कोदो,kodo millet
कोकम,kokam butter tree (mangosteen)
कुसुम,safflower
लाख,lac
भिंडी,"lady's finger, okra"
गोखरू,land caltrops
लैंटाना,lantana
खेसारी,lathyrus
लीक,leek
नींबू घास,lemon grass
लेमन,lemon
मसूर,lentil
मुलेठी,lequorice
सलाद,lettuce
कमलिनी,lily
कुमुदिनी,lily
नींबू,lime
अलसी,linseed
लीची,litchi
कुटकी,little millet
ककड़ी,long melon
पीपर,long pepper
पिपलामूल,long pepper
लोकाट,loquat
कमल,lotus
रिजका,alfalfa (lucerne)
जावित्री,mace
आक,madar
मधुआ,madhuca
मक्का,maize
मखाना,makhana
संतरा,mandarin
आमा हल्दी,mango zinger
आम,mango
नीम,"pride of India, China tree"
मारगोसा,"margosa, neem"
गेंदा,marigold
रूमी मस्तिकी,mastic tree
बड़ा कांटा,merrill
मेस्ता,mesta
पुदीना,mint
करंजू,molucca bean
नकटमाला,molucca bean
बड़हल,monkey jack
सहजन,moringa
हिरनखुरी,morning glory (convolvulus)
मोसम्बी,mosambi
मठ,moth bean
शहतूत,mulberry
खुंब,mushroom
खरबूज,musk melon
कस्तूरी,musk
सरसों,mustard
विलायती मेंहदी,myrtle
ककरौंदा,nagai camphor
हाथी घास,napier grass
नेपियर घास,napier grass
नर्गिस,narcissus
कलौंजी,nigella
रामतिल,niger
रात की रानी,night jasmine
गोफल,nipa palm
सागरसमोथा,nut grass
मोथा,nut sedge
जायफल,nutmeg
जई,oats
तेल ताड़,oil palm
कनेर,oleander
जैतून,olive
प्याज,onion
पोस्त,opium poppy
चिनार,"oriental plane, european"
धान,paddy
गंधिज घास,palmarosa
ताड़,palmyra palm
केतकी,pandanus
पपीता,papaya
पेरा घास,para grass
पार्सले,parsley
गाजर घास (कांग्रेस घास),"parthenium, (congress grass)"
पचौली,patchouli
आड़ू,peach
गुलमोहर,"peacock flower, paradise flower"
नाशपाती,pear
बाजरा,pearl millet
मटर,peas
पीकन नट,pecan nut
ब्राह्मी,pennel
पेपिनो,pepino
काली मिर्च,pepper
भसिंडा,perilla
सदाबहार,periwinkle
जापानी फल,persimmon
फालसा,phalsa
अरहर,pigeonpea
कृष्णनील,pimpernel (anagallis)
चीड़,pine
अनन्नास,pineapple
पिस्ता,"pistachio, green almond"
आलूचा,plum
परवल,pointed gourd
अनार,pomegranate
करंज,pongam
पोपलर,poplar
अफीम,poppy
खुर्सी,portulaca
आलू,potato
सत्यानाशी,prickly poppy
बकैन,"pride of India, China tree"
चीना,proso millet
इसबगोल,psyllium
पुलासन,pulasaan
कदूख,pumkin
पुमेलो,pummelo
मूली,radish
विलायती सीरस,rain tree
किशमिश,raisin
रैम्बूटान,rambutan
रंगून की बेल,rangoon creeper
राई,rapeseed
रसबेरी,raspberry
सुगरा,rat-tail radish
मुंगरा,rat-tail radish
बेत,rattan
तून,white mulbery
त्रिफ्रा,red clover
सेमल,red silk tree
नरकुल,reed grass
रोड्स घास,rhodes grass
बोरांरा,rhododendron
तातरी,rhus
चावल,rice
नसदार तोरई,ridged gourd
गुलाब,rose
गुलाब जामुन,rose berry
रसमरी,rosemary
टिंडा,round gourd
रबड़,rubber
केसर,saffron
सीस्टी,sage
साल,sal
साल्विया,salvia
चंदन,sandal wood
चीकू,sapota
केवड़ा,screwpine
धुरचुक,seabuckhorn
सनाय,senna
चंद्रभागा,serpentine wood
तिल,sesame
चिचिंडा,snake gourd
कचरी,snap melon
रीठा,soapnut
ज्वार,sorghum
सोयाबीन,soybean
मोलश्री,spanish cherry
पालक,spinach
बारफली,spindle wood
घीया,sponge gourd
तोरी,sponge gourd
स्टीविया,stevia
बिच्छू बूटी,stinging nettle
छड़ीला,stone flower
स्ट्रॉबेरी,strawberry
सुडान घास,Sudan grass
गन्ना,sugarcane
चपमन कद्दू,summer squash
सूरजमुखी,sunflower
सनई,sunhemp
वनमेथी,sweet clover
सेंजी,sweet clover
ककरोल,sweet gourd
शकरकंद,sweet potato
वनपुष्पाह,sweet violet
इमली,tamarind
किरसाला,tarragon
स्वर्ण चंपा,temple or pagoda tree
सोन चंपा,temple or pagoda tree
सजजी,thistle
मोरोपंखी,thuja
बनजवाइन,thyme
तम्बाकू,tobacco
टमाटर,tomato
हरसिंगार,tree of sorrow
ट्रिटिकेल,triticale
लटकनिया,trumpet vine
रजनी गंधा,tuberose
हल्दी,turmeric
शलगम,turnip
पटेर,typha (Indian reed mace)
उल्ला घास,ulla grass
वनीला,vanilla
खस,vetiver
अखरोट,walnut
ब्राह्मी साग,water cress
जलकुंभी,water hyacinth
तरबूज,water melon
टिवरा,water mint
मजनून,weeping willow
महोगनी,west Indian mahogany
गेहूं,wheat
सफतल,white clover
सुबबूल,white popinec
बिस,white willow
सतरा,wild marjorim
बनतुलसी,wild marjorim
जंगली जई,wild oat
पंखिया बीन,winged bean
विलायती कद्दू,winter squash
अश्वगंधा,withania
खट्टी बूटी,"wood sorrel, oxalis"
कटेली,yellow berried nightshade
हर्र,yellow myrobalan
तेजफल,zanthophylum
लूसर्न,alfalfa (lucerne)
चींटी,ants
तेला,aphids
सैनिक कीट,army worm
घूंस,bandicoot
भालू,bear
भृंग,beetle
फफोला भृंग,blister beetle
नील गाय,blue bull
कपास की सूंडी,boll worm
तितली,butterfly
पुटिका वेधक,capsule borer
सिट्रस सिल्ला,citrus psylla
झींगर,cricket
कौआ,crow
कटुआ,cut worm
पतियां खाने वाला भृंग,defoliating beetle
नर मधुमक्खी,drone
बतख,duck
केचुआ,earthworm
पिस्सू,flea
लोमड़ी,fox
फल मक्खी,fruit fly
पीटिका कोट,gall midge
टिड्डा,grass hopper
गंधी कोट,gundhy bug
मधुमक्खी,honeybee
फुदका,hopper
जैसिड,jassids
खपरा भुंग,khapra beetle
लाख कोट,lac insect
सोमनचड़ी,lady bird beetle
पत्ती लपेटक,leaf roller
पत्ती जाला कोट,leaf webber
मीली बग,mealy bug
गुजिया कोट,mealy bug
मशकाम,midge
मिज,midge
विचंची,mites
बरूथी,mites
बंदर,monkey
मच्छर,mosquito
पतंगा,moth
शलम,moth
सूत्रकृमि,nematode
नट गुन,nut weevil
चित्तेदार मकुण,painted bug
तोता,parrot
मोर,peacock
फली वेधक,pod borer
फली मक्खी,pod fly
कोरा,pulse beetle
पाइरिल्ला,pyrilla
बटेर,quail
रानी मधुमक्खी,queen bee
चूहा,rat
लाल ताड़-गुन,red palm weevil
कद्दू की लाल भृंग,red pumpkin beetle
राइनोसिरस भृंग,rhinoceros beetle
सुरसुरी,rice weevil
रस चूसक,sap sucker
आरा मक्खी,saw fly
शल्क कीट,scale insect
अर्ध कुंडलक,semilooper
प्ररोह वेधक,shoot borer
रेशम कीट,silkworm
घोंघा,snail
गौरैया,sparrow
मकड़ी,spider
गिलहरी,squirrel
तना वेधक,stem borer
स्तंभ मेधला कीट,stem girdler
गुटली का घुन,stone weevil
'टी' मच्छर कीट,tea mosquito
दीमक,termites (white ant)
थ्रिप्स,thrips
बर्र,wasp
ततैया,wasp
बया,weaver bird
घुन,weevil
सफेद सूंडी,white grub
रुईया माहू,woolly aphid
कृषि अर्थशास्त्री,agricultural economist
कृषि प्रसार वैज्ञानिक,agricultural extensionist
कृषि वैज्ञानिक,agricultural scientist
कृषि अभियंता,agriculture engineer
कृषि जीवविज्ञानी,agrobiologist
सस्य वैज्ञानिक,agronomist
कृषि भौतिकीविद्,agrophysicist
प्राणी प्रजनक,animal breeder
पशु प्रजनक,animal breeder
जीवाणु वैज्ञानिक,bacteriologist
जैव रसायनविद्,biochemist
जीव वैज्ञानिक,biologist
जैव प्रौद्योगिकीविद्,biotechnologist
वनस्पतिविद्,botanist
कीट वैज्ञानिक,entomologist
पर्यावरणविद्,environmentalist
उद्यानविद्,horticulturist
जल वैज्ञानिक,hydrologist
मौसम वैज्ञानिक,meteorologist
सूक्ष्म जीवविज्ञ,microbiologist
कवक विज्ञानी,mycologist
सूत्रकृमि विज्ञानी,nematologist
रोग विज्ञानी,pathologist
विकृति विज्ञानी,pathologist
मृदा विज्ञानी,pedologist
पादप प्रजनक,plant breeder
पादप रोग विज्ञानी,plant pathologist
पादप क्रियाविज्ञानी,plant physiologist
फल विज्ञानी,pomologist
मृदाविज्ञानी,soil scientist
पशु चिकित्सक,veterinarian doctor
विषाणुविज्ञानी,virologist
प्राणिविज्ञानी,zoologist
